2026-06-23T17:39:53.663Z | GET | /api/auth/me | 401 | 38ms
2026-06-23T17:39:54.095Z | POST | /api/auth/logout | 401 | 8ms
2026-06-23T17:40:11.573Z | POST | /api/auth/login | 200 | 470ms
2026-06-23T17:45:00.773Z | GET | /api/auth/me | 401 | 18ms
2026-06-23T17:45:01.471Z | POST | /api/auth/logout | 200 | 29ms
2026-06-23T17:45:10.990Z | GET | /api/auth/me | 401 | 6ms
2026-06-23T17:45:11.017Z | POST | /api/auth/logout | 401 | 4ms
2026-06-23T17:45:16.118Z | GET | /api/auth/me | 401 | 5ms
2026-06-23T17:45:16.160Z | POST | /api/auth/logout | 401 | 7ms
2026-06-23T17:49:00.075Z | GET | /api/auth/me | 401 | 7ms
2026-06-23T17:49:00.118Z | POST | /api/auth/logout | 401 | 5ms
2026-06-23T17:50:26.959Z | GET | /api/auth/me | 401 | 6ms
2026-06-23T17:50:26.971Z | GET | /api/auth/me | 401 | 4ms
2026-06-23T17:50:31.473Z | GET | /api/auth/me | 401 | 4ms
2026-06-23T17:50:33.286Z | GET | /api/auth/me | 401 | 4ms
2026-06-23T17:50:41.473Z | GET | /api/auth/me | 401 | 5ms
2026-06-23T17:50:45.795Z | GET | /api/auth/me | 401 | 3ms
2026-06-23T17:50:47.779Z | GET | /api/auth/me | 401 | 3ms
2026-06-23T17:51:15.122Z | GET | /api/auth/me | 401 | 49ms
2026-06-23T17:51:53.188Z | GET | /api/auth/me | 401 | 7ms
2026-06-23T18:10:10.504Z | GET | /api/auth/me | 401 | 63ms
2026-06-24T06:09:33.500Z | GET | /api/auth/me | 401 | 25ms
2026-06-24T06:09:58.013Z | POST | /api/auth/login | 401 | 414ms
2026-06-24T06:10:02.912Z | POST | /api/auth/login | 200 | 143ms
2026-06-24T06:10:13.869Z | GET | /api/auth/me | 304 | 5ms
2026-06-24T06:10:16.818Z | GET | /api/auth/me | 304 | 6ms
2026-06-24T06:10:49.016Z | GET | /api/auth/me | 304 | 3ms
2026-06-24T06:11:03.750Z | GET | /api/auth/me | 304 | 4ms
2026-06-24T06:11:07.136Z | GET | /api/auth/me | 304 | 4ms
2026-06-24T06:11:11.363Z | GET | /api/auth/me | 304 | 3ms
2026-06-24T06:11:44.702Z | GET | /api/auth/me | 304 | 5ms
2026-06-24T06:12:04.613Z | GET | /api/auth/me | 401 | 3ms
2026-06-24T06:20:25.016Z | GET | /api/auth/me | 401 | 6ms
2026-06-24T06:20:44.967Z | POST | /api/auth/register | 400 | 4ms
2026-06-24T06:20:59.852Z | POST | /api/auth/register | 409 | 10ms
2026-06-24T06:47:26.052Z | GET | /api/auth/me | 401 | 9ms
2026-06-24T06:48:00.400Z | POST | /api/auth/register | 201 | 203ms
2026-06-24T06:57:48.956Z | POST | /api/auth/register | 409 | 88ms
2026-06-24T06:57:55.872Z | POST | /api/auth/register | 400 | 4ms
2026-06-24T06:58:16.008Z | POST | /api/auth/register | 400 | 3ms
2026-06-24T06:58:21.575Z | POST | /api/auth/register | 400 | 2ms
2026-06-24T06:58:26.404Z | POST | /api/auth/register | 400 | 18ms
2026-06-24T06:58:30.915Z | POST | /api/auth/register | 400 | 11ms
2026-06-24T06:58:35.783Z | POST | /api/auth/register | 201 | 179ms
2026-06-24T06:58:51.452Z | POST | /api/auth/register | 409 | 16ms
2026-06-24T06:59:02.448Z | POST | /api/auth/register | 400 | 2ms
2026-06-24T07:01:11.594Z | POST | /api/auth/register | 400 | 2ms
2026-06-24T07:01:15.053Z | POST | /api/auth/register | 201 | 75ms
2026-06-24T07:04:05.817Z | POST | /api/auth/login | 401 | 150ms
2026-06-24T07:04:14.403Z | POST | /api/auth/login | 401 | 5ms
2026-06-24T07:04:18.761Z | POST | /api/auth/login | 200 | 130ms
2026-06-24T07:04:41.773Z | POST | /api/auth/logout | 200 | 62ms
2026-06-24T07:07:40.137Z | POST | /api/auth/login | 200 | 60ms
2026-06-24T07:07:51.698Z | GET | /api/auth/me | 200 | 8ms
2026-06-24T07:12:33.274Z | GET | /api/auth/me | 401 | 43ms
2026-06-24T07:13:57.632Z | GET | /api/auth/me | 401 | 1ms
2026-06-24T07:19:51.252Z | GET | /api/auth/me | 401 | 3ms
2026-06-24T07:20:59.362Z | GET | /api/auth/me | 401 | 2ms
2026-06-24T07:21:31.658Z | GET | /api/auth/me | 401 | 1ms
2026-06-24T07:21:35.597Z | GET | /api/auth/me | 401 | 12ms
2026-06-24T07:21:40.868Z | POST | /api/auth/login | 200 | 204ms
2026-06-24T07:21:49.031Z | GET | /api/auth/me | 200 | 8ms
2026-06-24T07:21:57.795Z | GET | /api/auth/me | 200 | 4ms
2026-06-24T07:22:13.042Z | GET | /api/users | 403 | 9ms
2026-06-24T07:25:32.701Z | GET | /api/auth/me | 401 | 11ms
2026-06-24T07:25:51.114Z | POST | /api/auth/refresh-token | 200 | 26ms
2026-06-24T07:26:25.106Z | POST | /api/auth/login | 200 | 136ms
2026-06-24T07:26:56.508Z | GET | /api/auth/me | 200 | 5ms
2026-06-24T07:27:09.488Z | GET | /api/auth/me | 200 | 3ms
2026-06-24T07:27:37.267Z | GET | /api/auth/me | 200 | 2ms
2026-06-24T07:28:43.576Z | GET | /api/auth/me | 401 | 3ms
2026-06-24T07:31:02.529Z | GET | /api/auth/me | 401 | 4ms
2026-06-24T07:31:07.864Z | POST | /api/auth/refresh-token | 200 | 4ms
2026-06-24T07:31:15.587Z | GET | /api/auth/me | 200 | 3ms
2026-06-24T07:31:38.322Z | GET | /api/auth/me | 200 | 6ms
2026-06-24T07:31:48.903Z | GET | /api/auth/me | 401 | 6ms
2026-06-24T07:31:57.741Z | GET | /api/auth/me | 200 | 10ms
2026-06-24T07:47:32.664Z | GET | /api/auth/me | 401 | 27ms
2026-06-24T09:17:26.897Z | GET | /api/auth/me | 401 | 2ms
2026-06-24T09:32:09.881Z | GET | /api/auth/me | 401 | 17ms
2026-06-24T09:47:00.221Z | GET | /api/auth/me | 401 | 14ms
2026-06-24T09:51:06.343Z | GET | /api/auth/me | 401 | 10ms
2026-06-24T10:51:25.925Z | GET | /api/auth/me | 401 | 44ms
2026-06-24T17:47:32.565Z | GET | /api/auth/me | 401 | 44ms
2026-06-24T18:22:28.323Z | GET | /api/auth/me | 401 | 47ms
2026-06-24T18:22:39.275Z | POST | /api/auth/login | 401 | 367ms
2026-06-24T18:22:45.284Z | POST | /api/auth/login | 401 | 120ms
2026-06-24T18:22:46.610Z | POST | /api/auth/login | 401 | 124ms
2026-06-24T18:22:47.466Z | POST | /api/auth/login | 401 | 131ms
2026-06-24T18:22:48.255Z | POST | /api/auth/login | 401 | 127ms
2026-06-24T18:22:49.411Z | POST | /api/auth/login | 401 | 130ms
2026-06-24T18:22:50.699Z | POST | /api/auth/login | 401 | 119ms
2026-06-24T18:22:51.698Z | POST | /api/auth/login | 401 | 109ms
2026-06-24T18:22:52.853Z | POST | /api/auth/login | 401 | 133ms
2026-06-24T18:22:54.030Z | POST | /api/auth/login | 401 | 124ms
2026-06-24T18:23:05.416Z | POST | /api/auth/login | 401 | 112ms
2026-06-24T18:23:06.511Z | POST | /api/auth/login | 401 | 131ms
2026-06-24T18:23:07.700Z | POST | /api/auth/login | 401 | 126ms
2026-06-24T18:24:19.117Z | POST | /api/auth/register | 409 | 7ms
2026-06-24T18:24:24.568Z | POST | /api/auth/register | 201 | 179ms
2026-06-24T18:24:39.076Z | POST | /api/auth/login | 401 | 115ms
2026-06-24T18:24:42.651Z | POST | /api/auth/login | 200 | 174ms
2026-06-24T18:25:30.938Z | POST | /api/auth/logout | 200 | 30ms
2026-06-24T18:25:33.678Z | POST | /api/auth/register | 400 | 5ms
2026-06-24T18:25:36.366Z | GET | /api/auth/me | 401 | 3ms
2026-06-24T18:25:38.646Z | POST | /api/auth/register | 400 | 3ms
2026-06-24T18:25:48.699Z | POST | /api/auth/register | 400 | 3ms
2026-06-24T18:26:01.356Z | POST | /api/auth/register | 400 | 32ms
2026-06-24T18:29:17.579Z | POST | /api/auth/register | 400 | 30ms
2026-06-24T18:29:41.419Z | POST | /api/auth/register | 400 | 12ms
2026-06-24T18:30:22.417Z | POST | /api/auth/register | 400 | 6ms
2026-06-24T18:30:26.733Z | POST | /api/auth/register | 400 | 5ms
2026-06-24T18:31:16.363Z | POST | /api/auth/register | 201 | 285ms
2026-06-24T18:34:13.258Z | GET | /api/auth/me | 401 | 29ms
2026-06-24T18:34:34.162Z | GET | /api/auth/me | 401 | 6ms
2026-06-24T18:38:38.549Z | POST | /api/auth/register | 400 | 16ms
2026-06-24T18:38:50.758Z | POST | /api/auth/register | 400 | 6ms
2026-06-24T18:38:59.213Z | POST | /api/auth/register | 400 | 7ms
2026-06-24T18:39:08.760Z | POST | /api/auth/register | 400 | 6ms
2026-06-24T18:39:18.755Z | POST | /api/auth/register | 400 | 6ms
2026-06-24T18:39:36.453Z | POST | /api/auth/register | 201 | 214ms
2026-06-24T18:40:16.390Z | POST | /api/auth/register | 409 | 10ms
2026-06-24T18:41:15.182Z | POST | /api/auth/login | 401 | 5ms
2026-06-24T18:41:19.064Z | POST | /api/auth/login | 401 | 140ms
2026-06-24T18:41:23.705Z | POST | /api/auth/login | 401 | 7ms
2026-06-24T18:41:26.705Z | POST | /api/auth/login | 200 | 142ms
2026-06-24T18:59:03.128Z | POST | /api/auth/register | 400 | 48ms
2026-06-24T18:59:52.961Z | POST | /api/auth/register | 400 | 5ms
2026-06-24T18:59:58.319Z | POST | /api/auth/register | 400 | 4ms
2026-06-24T19:00:04.312Z | POST | /api/auth/register | 201 | 374ms
2026-06-24T19:00:21.730Z | GET | /api/auth/me | 401 | 7ms
2026-06-24T19:00:32.518Z | GET | /api/auth/me | 401 | 3ms
2026-06-24T19:01:13.297Z | POST | /api/auth/refresh-token | 200 | 18ms
2026-06-24T19:01:31.659Z | GET | /api/auth/me | 200 | 4ms
2026-06-24T19:06:04.221Z | GET | /api/auth/me | 401 | 10ms
2026-06-24T19:06:30.392Z | POST | /api/auth/login | 401 | 129ms
2026-06-24T19:06:36.018Z | POST | /api/auth/login | 200 | 120ms
2026-06-24T19:06:56.495Z | GET | /api/users | 200 | 26ms
2026-06-24T19:07:02.883Z | GET | /api/auth/me | 200 | 5ms
2026-06-24T19:09:50.607Z | GET | /api/auth/me | 401 | 19ms
2026-06-24T19:09:58.361Z | GET | /api/auth/me | 401 | 3ms
2026-06-24T19:18:34.988Z | GET | / | 404 | 90ms
2026-06-24T19:18:35.256Z | GET | /favicon.ico | 404 | 3ms
2026-06-24T19:18:41.003Z | GET | /api/auth/me | 401 | 30ms
2026-06-24T19:21:36.615Z | GET | /api/auth/me | 401 | 26ms
2026-06-24T19:22:53.338Z | GET | /api/auth/me | 401 | 8ms
2026-06-24T19:22:56.487Z | GET | /api/auth/me | 401 | 6ms
2026-06-24T19:26:01.349Z | POST | /api/auth/register | 201 | 538ms
2026-06-24T19:27:01.598Z | POST | /api/auth/register | 409 | 58ms
2026-06-24T19:27:56.322Z | POST | /api/auth/register | 201 | 374ms
2026-06-24T19:28:33.877Z | POST | /api/auth/login | 401 | 54ms
2026-06-24T19:29:09.611Z | POST | /api/auth/login | 200 | 365ms
2026-06-24T19:30:16.945Z | GET | /api/auth/me | 200 | 49ms
2026-06-24T19:30:25.604Z | GET | /api/auth/me | 304 | 46ms
2026-06-24T19:30:35.883Z | GET | /api/auth/me | 304 | 12ms
2026-06-24T19:30:56.740Z | GET | /api/auth/me | 304 | 32ms
2026-06-24T19:31:10.274Z | GET | /api/users | 401 | 44ms
2026-06-24T19:31:28.243Z | GET | /api/auth/refresh | 404 | 24ms
2026-06-24T19:31:43.527Z | GET | /api/auth/me | 401 | 75ms
2026-06-24T19:32:07.494Z | GET | /api/auth/refresh-token | 404 | 18ms
2026-06-24T19:32:28.149Z | GET | /api/auth/refresh_token | 404 | 25ms
2026-06-24T19:33:02.899Z | POST | /api/auth/login | 200 | 451ms
2026-06-24T19:33:08.196Z | GET | /api/users | 200 | 39ms
2026-06-24T19:33:36.503Z | POST | /api/auth/logout | 200 | 106ms
2026-06-24T19:34:00.368Z | POST | /api/auth/login | 200 | 330ms
2026-06-24T19:34:05.261Z | GET | /api/users | 403 | 15ms
2026-06-24T19:34:38.679Z | GET | /api/auth/me | 200 | 28ms
2026-06-24T19:34:40.496Z | GET | /api/auth/me | 401 | 7ms
2026-06-24T19:35:23.167Z | POST | /api/auth/refresh-token | 401 | 22ms
2026-06-24T19:35:38.999Z | POST | /api/auth/refresh-token | 200 | 152ms
2026-07-02T09:00:52.490Z | GET | /api/auth/me | 401 | 64ms
2026-07-02T09:01:15.723Z | POST | /api/auth/login | 401 | 535ms
2026-07-02T09:01:18.043Z | POST | /api/auth/login | 200 | 167ms
2026-07-02T11:31:50.478Z | GET | /api/auth/me | 401 | 65ms
2026-07-02T11:55:30.353Z | GET | /api/auth/me | 401 | 4ms
2026-07-02T16:44:25.786Z | GET | /api/auth/me | 401 | 4ms
2026-07-02T16:46:20.007Z | POST | /api/auth/register | 201 | 660ms
2026-07-02T16:46:36.613Z | POST | /api/auth/login | 401 | 283ms
2026-07-02T16:46:44.073Z | POST | /api/auth/login | 401 | 19ms
2026-07-02T16:46:46.291Z | POST | /api/auth/login | 401 | 11ms
2026-07-02T16:46:47.073Z | POST | /api/auth/login | 401 | 10ms
2026-07-02T16:46:48.376Z | POST | /api/auth/login | 401 | 8ms
2026-07-02T16:46:49.077Z | POST | /api/auth/login | 401 | 17ms
2026-07-02T16:46:49.474Z | POST | /api/auth/login | 401 | 8ms
2026-07-02T16:46:49.622Z | POST | /api/auth/login | 401 | 8ms
2026-07-02T16:46:49.777Z | POST | /api/auth/login | 401 | 9ms
2026-07-02T16:46:49.913Z | POST | /api/auth/login | 401 | 12ms
2026-07-02T16:46:50.061Z | POST | /api/auth/login | 401 | 5ms
2026-07-02T16:46:50.279Z | POST | /api/auth/login | 401 | 22ms
2026-07-02T16:46:50.411Z | POST | /api/auth/login | 401 | 6ms
2026-07-02T16:46:50.626Z | POST | /api/auth/login | 401 | 8ms
2026-07-02T16:46:51.834Z | POST | /api/auth/login | 401 | 6ms
2026-07-02T16:46:55.464Z | POST | /api/auth/login | 200 | 309ms
2026-07-02T17:07:43.444Z | GET | /api/auth/me | 401 | 20ms
2026-07-02T17:15:46.957Z | GET | /api/auth/me | 401 | 6ms
2026-07-02T17:23:29.981Z | GET | /api/auth/me | 401 | 7ms
2026-07-02T17:43:25.963Z | GET | /api/auth/me | 401 | 10ms
2026-07-02T18:15:44.154Z | GET | /api/auth/me | 401 | 43ms
2026-07-02T19:24:59.398Z | GET | /api/auth/me | 401 | 64ms
2026-07-02T19:28:56.816Z | GET | /api/auth/me | 401 | 41ms
2026-07-03T13:36:29.845Z | POST | /api/auth/register | 201 | 689ms
2026-07-03T13:36:39.838Z | POST | /api/auth/login | 401 | 267ms
2026-07-03T13:36:45.885Z | POST | /api/auth/login | 401 | 13ms
2026-07-03T13:36:49.381Z | POST | /api/auth/login | 200 | 253ms
2026-07-03T13:44:30.165Z | GET | /api/auth/me | 401 | 17ms
2026-07-03T13:53:54.957Z | GET | /api/auth/me | 401 | 28ms
2026-07-03T14:14:47.047Z | GET | /api/auth/me | 401 | 9ms
2026-07-03T16:52:32.753Z | GET | /api/auth/me | 401 | 6ms
2026-07-03T17:26:09.602Z | GET | /api/auth/me | 401 | 26ms
2026-07-03T18:02:15.291Z | GET | /api/auth/me | 401 | 31ms
2026-07-03T18:26:14.276Z | GET | /api/auth/me | 401 | 44ms
2026-07-03T18:30:52.485Z | GET | /api/auth/me | 401 | 8ms
2026-07-14T07:04:12.864Z | GET | /api/auth/me | 401 | 47ms
2026-07-14T07:04:18.813Z | GET | /api/auth/me | 401 | 9ms
2026-07-14T07:04:40.958Z | GET | /api/auth/me | 401 | 37ms
2026-07-14T07:17:15.636Z | POST | /api/auth/register | 201 | 1728ms
2026-07-14T07:17:26.482Z | POST | /api/auth/login | 200 | 313ms
2026-07-14T07:17:49.754Z | GET | /api/auth/me | 401 | 279ms
2026-07-14T07:19:52.177Z | POST | /api/auth/register | 201 | 905ms
2026-07-14T07:21:43.400Z | POST | /api/auth/login | 200 | 453ms
2026-07-14T07:23:33.188Z | GET | /api/auth/me | 401 | 108ms
2026-07-14T07:26:24.163Z | POST | /api/auth/register | 201 | 994ms
2026-07-14T07:27:27.419Z | POST | /api/auth/register | 400 | 77ms
2026-07-14T07:27:38.569Z | POST | /api/auth/register | 201 | 773ms
2026-07-14T07:27:53.921Z | POST | /api/auth/login | 401 | 290ms
2026-07-14T07:27:56.457Z | POST | /api/auth/login | 401 | 266ms
2026-07-14T07:28:05.445Z | POST | /api/auth/login | 200 | 319ms
2026-07-14T07:28:27.145Z | GET | /api/auth/me | 200 | 18ms
2026-07-14T07:28:27.580Z | GET | /api/jobs?page=1&limit=10 | 200 | 83ms
2026-07-14T07:28:38.632Z | GET | /api/jobs?page=1&limit=10&status=open | 200 | 17ms
2026-07-14T07:28:40.320Z | GET | /api/jobs?page=1&limit=10&status=open&job_type=remote | 200 | 10ms
2026-07-14T07:28:42.735Z | GET | /api/jobs?page=1&limit=10&status=open&job_type=onsite | 200 | 11ms
2026-07-14T07:29:41.612Z | GET | /api/jobs?page=1&limit=10 | 304 | 8ms
2026-07-14T07:53:23.411Z | GET | /api/jobs?page=1&limit=10 | 304 | 238ms
2026-07-14T07:53:30.347Z | GET | /api/jobs?page=1&limit=10&status=open | 304 | 19ms
2026-07-14T08:07:07.044Z | GET | /api/auth/me | 401 | 109ms
2026-07-17T18:20:51.446Z | POST | /api/auth/login | 401 | 768ms
2026-07-17T18:21:07.818Z | POST | /api/auth/login | 200 | 409ms
2026-07-17T18:21:19.122Z | GET | /api/auth/me | 200 | 13ms
2026-07-17T18:21:19.515Z | GET | /api/jobs?page=1&limit=10 | 200 | 80ms
2026-07-17T18:59:06.238Z | GET | /api/auth/me | 401 | 101ms
2026-07-17T19:33:11.380Z | POST | /api/auth/login | 200 | 492ms
2026-07-17T19:33:15.717Z | GET | /api/auth/me | 304 | 14ms
2026-07-17T19:33:15.994Z | GET | /api/jobs?page=1&limit=10 | 200 | 28ms
2026-07-17T19:33:22.601Z | GET | /api/jobs/1 | 200 | 6ms
2026-07-17T19:33:47.818Z | GET | /api/jobs/4 | 200 | 4ms
2026-07-17T19:34:05.017Z | POST | /api/jobs/4/apply | 403 | 5ms
2026-07-17T19:34:21.855Z | POST | /api/jobs/4/apply | 403 | 4ms
2026-07-17T19:42:57.467Z | GET | /api/jobs/4 | 304 | 107ms
2026-07-17T19:43:02.463Z | GET | /api/jobs?page=1&limit=10 | 304 | 39ms
2026-07-17T19:43:10.230Z | GET | /api/auth/me | 401 | 13ms
2026-07-17T19:43:50.595Z | POST | /api/auth/register | 409 | 39ms
2026-07-17T19:44:02.894Z | POST | /api/auth/register | 201 | 225ms
2026-07-17T19:44:18.951Z | POST | /api/auth/login | 200 | 174ms
2026-07-17T19:44:23.801Z | GET | /api/auth/me | 200 | 6ms
2026-07-17T19:44:23.859Z | GET | /api/jobs?page=1&limit=10 | 304 | 9ms
2026-07-17T19:44:26.971Z | GET | /api/jobs/4 | 304 | 3ms
2026-07-17T19:44:42.176Z | POST | /api/jobs/4/apply | 201 | 43ms
2026-07-17T19:46:48.109Z | GET | /api/auth/me | 401 | 12ms
2026-07-17T19:47:53.263Z | POST | /api/auth/login | 200 | 209ms
2026-07-17T19:47:55.827Z | GET | /api/auth/me | 304 | 4ms
2026-07-17T19:47:56.010Z | GET | /api/jobs?page=1&limit=10 | 304 | 9ms
2026-07-17T19:48:00.404Z | GET | /api/jobs/3 | 200 | 4ms
2026-07-17T19:48:27.527Z | POST | /api/jobs/3/apply | 201 | 102ms
2026-07-17T19:50:52.576Z | GET | /api/jobs/3 | 304 | 4ms
2026-07-17T19:51:04.229Z | GET | /api/jobs?page=1&limit=10 | 304 | 12ms
2026-07-17T19:51:06.796Z | GET | /api/jobs/5 | 200 | 5ms
2026-07-18T06:19:52.121Z | GET | /api/auth/me | 401 | 13ms
2026-07-18T06:19:54.899Z | GET | /api/auth/me | 401 | 2ms
2026-07-18T06:19:58.127Z | GET | /api/auth/me | 401 | 3ms
2026-07-18T06:20:12.594Z | POST | /api/auth/login | 200 | 484ms
2026-07-18T06:20:15.428Z | GET | /api/auth/me | 304 | 9ms
2026-07-18T06:20:15.561Z | GET | /api/jobs?page=1&limit=10 | 200 | 19ms
2026-07-18T06:20:24.571Z | GET | /api/jobs/4 | 304 | 11ms
2026-07-18T06:21:30.145Z | GET | /api/jobs/4 | 304 | 8ms
2026-07-18T06:22:38.000Z | GET | /api/jobs/4 | 304 | 7ms
2026-07-18T06:26:11.804Z | GET | /api/jobs/4 | 304 | 4ms
2026-07-18T06:29:36.946Z | GET | /api/jobs/4 | 304 | 3ms
2026-07-18T07:05:22.611Z | GET | /api/auth/me | 401 | 48ms
2026-07-18T07:40:42.308Z | GET | /api/auth/me | 401 | 2ms
2026-07-18T16:57:17.190Z | GET | /api/auth/me | 401 | 30ms
2026-07-18T16:57:20.203Z | GET | /api/auth/me | 401 | 4ms
2026-07-18T16:57:42.100Z | POST | /api/auth/login | 200 | 595ms
2026-07-18T16:57:50.720Z | GET | /api/auth/me | 304 | 8ms
2026-07-18T16:57:50.864Z | GET | /api/jobs?page=1&limit=10 | 200 | 39ms
2026-07-18T16:58:11.290Z | GET | /api/auth/me | 304 | 6ms
2026-07-18T16:58:11.350Z | GET | /api/jobs?page=1&limit=10 | 304 | 4ms
2026-07-18T16:58:17.128Z | GET | /api/auth/me | 304 | 5ms
2026-07-18T16:58:17.190Z | GET | /api/jobs?page=1&limit=10 | 304 | 6ms
2026-07-18T16:58:21.047Z | GET | /api/jobs/3 | 304 | 6ms
2026-07-18T17:05:02.980Z | GET | /api/jobs/3 | 304 | 154ms
2026-07-18T17:05:07.511Z | GET | /api/jobs?page=1&limit=10 | 304 | 20ms
2026-07-18T17:05:12.951Z | GET | /api/auth/me | 401 | 36ms
2026-07-18T17:05:42.296Z | GET | /api/auth/me | 401 | 21ms
2026-07-18T17:05:50.115Z | POST | /api/auth/login | 200 | 403ms
2026-07-18T17:05:54.184Z | GET | /api/auth/me | 304 | 8ms
2026-07-18T17:05:54.253Z | GET | /api/jobs?page=1&limit=10 | 304 | 13ms
2026-07-18T17:06:06.181Z | GET | /api/jobs/2 | 200 | 6ms
2026-07-18T17:06:29.311Z | GET | /api/jobs/1 | 304 | 3ms
2026-07-18T17:06:37.840Z | GET | /api/jobs?page=1&limit=10 | 304 | 4ms
2026-07-18T17:06:41.765Z | GET | /api/jobs/5 | 200 | 5ms
2026-07-18T17:06:46.265Z | GET | /api/auth/me | 304 | 7ms
2026-07-18T17:06:46.319Z | GET | /api/jobs?page=1&limit=10 | 304 | 4ms
2026-07-18T17:07:00.225Z | GET | /api/jobs/4 | 304 | 3ms
2026-07-18T17:13:16.093Z | GET | /api/jobs/4 | 304 | 9ms
2026-07-18T17:13:18.285Z | GET | /api/jobs?page=1&limit=10 | 304 | 18ms
2026-07-18T17:13:19.919Z | GET | /api/jobs/3 | 304 | 5ms
2026-07-18T17:13:21.475Z | GET | /api/auth/me | 304 | 27ms
2026-07-18T17:13:21.651Z | GET | /api/jobs/3 | 304 | 4ms
2026-07-18T17:13:31.191Z | GET | /api/jobs?page=1&limit=10 | 304 | 5ms
2026-07-18T17:14:07.293Z | GET | /api/jobs?page=1&limit=10 | 304 | 5ms
2026-07-18T17:14:20.185Z | GET | /api/jobs/1 | 304 | 2ms
2026-07-18T17:15:38.103Z | GET | /api/jobs?page=1&limit=10 | 304 | 7ms
2026-07-18T17:15:40.991Z | GET | /api/auth/me | 304 | 11ms
2026-07-18T17:15:41.052Z | GET | /api/jobs?page=1&limit=10 | 304 | 4ms
2026-07-18T17:16:13.850Z | GET | /api/auth/me | 304 | 3ms
2026-07-18T17:16:13.900Z | GET | /api/jobs?page=1&limit=10 | 304 | 4ms
2026-07-18T17:17:07.537Z | GET | /api/jobs/1 | 304 | 9ms
2026-07-18T17:17:12.830Z | GET | /api/jobs?page=1&limit=10 | 304 | 3ms
2026-07-18T17:17:53.249Z | GET | /api/jobs?page=1&limit=10&search=se | 200 | 14ms
2026-07-18T17:17:54.493Z | GET | /api/jobs?page=1&limit=10&search=senio | 200 | 3ms
2026-07-18T17:18:24.110Z | GET | /api/jobs?page=1&limit=10 | 304 | 9ms
2026-07-18T17:18:35.182Z | GET | /api/jobs?page=1&limit=10&search=s | 200 | 16ms
2026-07-18T17:18:36.517Z | GET | /api/jobs?page=1&limit=10&search=se | 304 | 3ms
2026-07-18T17:18:37.697Z | GET | /api/jobs?page=1&limit=10&search=sen | 200 | 4ms
2026-07-18T17:18:40.909Z | GET | /api/jobs/3 | 304 | 6ms
2026-07-18T17:19:01.643Z | GET | /api/jobs?page=1&limit=10 | 304 | 6ms
2026-07-18T17:19:05.048Z | GET | /api/jobs?page=1&limit=10&search=re | 200 | 4ms
2026-07-18T17:19:06.661Z | GET | /api/jobs?page=1&limit=10&search=react | 200 | 5ms
2026-07-18T17:19:10.060Z | GET | /api/jobs/1 | 304 | 6ms
2026-07-18T17:19:13.477Z | GET | /api/jobs?page=1&limit=10&status=open | 200 | 4ms
2026-07-18T17:19:54.250Z | GET | /api/jobs?page=1&limit=10 | 304 | 3ms
2026-07-18T17:20:28.896Z | GET | /api/jobs?page=1&limit=10 | 304 | 3ms
2026-07-18T17:25:16.819Z | GET | /api/jobs?page=1&limit=10 | 304 | 19ms
2026-07-18T17:26:29.063Z | GET | /api/jobs?page=1&limit=10 | 304 | 4ms
2026-07-18T17:26:37.452Z | GET | /api/jobs?page=1&limit=10&search=re | 304 | 6ms
2026-07-18T17:26:38.186Z | GET | /api/jobs?page=1&limit=10&search=reac | 200 | 7ms
2026-07-18T17:26:47.507Z | GET | /api/auth/me | 401 | 17ms
2026-07-18T17:26:56.815Z | POST | /api/auth/login | 200 | 263ms
2026-07-18T17:27:04.264Z | GET | /api/auth/me | 304 | 14ms
2026-07-18T17:27:04.331Z | GET | /api/jobs?page=1&limit=10 | 304 | 4ms
2026-07-18T17:27:14.378Z | GET | /api/auth/me | 304 | 5ms
2026-07-18T17:27:14.443Z | GET | /api/jobs?page=1&limit=10 | 304 | 3ms
2026-07-18T17:27:19.891Z | GET | /api/jobs/3 | 304 | 4ms
2026-07-18T17:27:48.726Z | GET | /api/jobs?page=1&limit=10 | 304 | 6ms
2026-07-18T17:29:41.847Z | GET | /api/jobs?page=1&limit=10 | 304 | 5ms
2026-07-18T17:29:53.540Z | GET | /api/auth/me | 200 | 29ms
2026-07-18T17:29:53.606Z | GET | /api/jobs?page=1&limit=10 | 200 | 5ms
2026-07-18T17:30:00.059Z | GET | /api/auth/me | 200 | 9ms
2026-07-18T17:30:00.127Z | GET | /api/jobs?page=1&limit=10 | 200 | 5ms
2026-07-18T17:30:26.101Z | GET | /api/jobs/1 | 304 | 5ms
2026-07-18T17:30:36.971Z | GET | /api/jobs?page=1&limit=10 | 304 | 6ms
2026-07-18T17:35:22.237Z | GET | /api/jobs?page=1&limit=10 | 304 | 14ms
2026-07-18T17:41:27.524Z | GET | /api/auth/me | 304 | 168ms
2026-07-18T17:41:27.903Z | GET | /api/jobs?page=1&limit=10 | 304 | 13ms
2026-07-18T17:42:17.725Z | GET | /api/jobs?page=1&limit=10 | 304 | 16ms
2026-07-18T17:43:31.929Z | GET | /api/jobs?page=1&limit=10 | 304 | 3ms
2026-07-18T17:43:46.761Z | GET | /api/jobs?page=1&limit=10&search=full+stack | 200 | 15ms
2026-07-18T17:44:19.137Z | GET | /api/jobs?page=1&limit=10&search=full+stack | 304 | 5ms
2026-07-18T17:44:24.991Z | GET | /api/jobs?page=1&limit=10 | 304 | 12ms
2026-07-18T17:44:28.265Z | GET | /api/jobs?page=1&limit=10&search=full | 200 | 3ms
2026-07-18T17:44:29.526Z | GET | /api/jobs?page=1&limit=10&search=full+stak | 200 | 19ms
2026-07-18T17:44:29.927Z | GET | /api/jobs?page=1&limit=10&search=full+stakc | 200 | 7ms
2026-07-18T17:44:43.161Z | GET | /api/auth/me | 401 | 14ms
2026-07-18T17:44:53.909Z | POST | /api/auth/login | 200 | 204ms
2026-07-18T17:44:59.096Z | GET | /api/auth/me | 200 | 4ms
2026-07-18T17:44:59.186Z | GET | /api/jobs?page=1&limit=10 | 304 | 4ms
2026-07-18T17:45:08.185Z | GET | /api/jobs?page=1&limit=10&search=full+ | 200 | 2ms
2026-07-18T17:45:09.402Z | GET | /api/jobs?page=1&limit=10&search=full+stack | 304 | 6ms
2026-07-18T17:46:03.478Z | GET | /api/jobs?page=1&limit=10 | 304 | 6ms
2026-07-18T17:46:10.301Z | GET | /api/jobs?page=1&limit=10&search=Ba | 200 | 5ms
2026-07-18T17:46:10.962Z | GET | /api/jobs?page=1&limit=10&search=Ban | 200 | 18ms
2026-07-18T17:46:27.860Z | GET | /api/jobs?page=1&limit=10&search=d | 200 | 4ms
2026-07-18T17:46:28.659Z | GET | /api/jobs?page=1&limit=10&search=dev | 200 | 2ms
2026-07-18T17:46:47.774Z | GET | /api/jobs?page=1&limit=10 | 304 | 2ms
2026-07-18T17:46:53.581Z | GET | /api/auth/me | 304 | 19ms
2026-07-18T17:46:53.639Z | GET | /api/jobs?page=1&limit=10 | 304 | 4ms
2026-07-18T17:47:01.477Z | GET | /api/jobs?page=1&limit=10&search=se | 304 | 4ms
2026-07-18T17:47:01.891Z | GET | /api/jobs?page=1&limit=10&search=sen | 304 | 3ms
2026-07-18T17:52:56.893Z | GET | /api/auth/me | 304 | 93ms
2026-07-18T17:52:57.554Z | GET | /api/jobs?page=1&limit=10 | 304 | 39ms
2026-07-18T17:54:13.824Z | GET | /api/auth/me | 304 | 14ms
2026-07-18T17:54:13.961Z | GET | /api/jobs?page=1&limit=10 | 304 | 5ms
2026-07-18T18:16:38.991Z | GET | /api/auth/me | 401 | 126ms
2026-07-18T18:21:29.513Z | GET | /api/auth/me | 401 | 48ms
2026-07-19T18:09:36.670Z | GET | /api/auth/me | 401 | 18ms
2026-07-19T18:09:39.421Z | GET | /api/auth/me | 401 | 3ms
2026-07-19T18:09:48.563Z | POST | /api/auth/login | 200 | 549ms
2026-07-19T18:09:51.263Z | GET | /api/auth/me | 304 | 7ms
2026-07-19T18:09:51.622Z | GET | /api/jobs?page=1&limit=10 | 304 | 50ms
2026-07-19T18:09:53.308Z | GET | /api/jobs/1 | 304 | 5ms
2026-07-19T18:10:25.755Z | GET | /api/jobs?page=1&limit=10 | 304 | 3ms
2026-07-19T18:10:27.985Z | GET | /api/auth/me | 304 | 6ms
2026-07-19T18:10:31.103Z | GET | /api/auth/me | 304 | 4ms
2026-07-19T18:10:31.165Z | GET | /api/assessments/1 | 404 | 53ms
2026-07-19T18:10:32.190Z | GET | /api/assessments/1 | 404 | 9ms
2026-07-19T18:10:34.203Z | GET | /api/assessments/1 | 404 | 6ms
2026-07-19T18:11:28.425Z | GET | /api/auth/me | 304 | 4ms
2026-07-19T18:11:28.471Z | GET | /api/assessments/1 | 404 | 3ms
2026-07-19T18:11:29.485Z | GET | /api/assessments/1 | 404 | 6ms
2026-07-19T18:19:45.852Z | GET | /api/auth/me | 304 | 154ms
2026-07-19T18:19:45.959Z | GET | /api/assessments/1 | 404 | 17ms
2026-07-19T18:19:46.981Z | GET | /api/assessments/1 | 404 | 4ms
2026-07-19T18:19:48.993Z | GET | /api/assessments/1 | 404 | 6ms
2026-07-19T18:19:53.007Z | GET | /api/assessments/1 | 404 | 8ms
2026-07-19T18:20:00.160Z | GET | /api/jobs/3 | 304 | 7ms
2026-07-19T18:20:05.841Z | GET | /api/jobs/1 | 304 | 6ms
2026-07-19T18:24:21.928Z | GET | /api/jobs/1 | 304 | 15ms
2026-07-19T18:24:27.863Z | GET | /api/jobs?page=1&limit=10 | 304 | 49ms
2026-07-19T18:24:30.182Z | GET | /api/jobs/2 | 200 | 5ms
2026-07-19T18:24:34.977Z | GET | /api/auth/me | 304 | 11ms
2026-07-19T18:24:35.006Z | GET | /api/jobs?page=1&limit=10 | 304 | 6ms
2026-07-19T18:27:23.529Z | GET | /api/auth/me | 401 | 10ms
2026-07-19T18:27:34.293Z | POST | /api/auth/login | 200 | 414ms
2026-07-19T18:27:38.761Z | GET | /api/auth/me | 304 | 5ms
2026-07-19T18:27:39.105Z | GET | /api/jobs?page=1&limit=10 | 200 | 32ms
2026-07-19T18:27:41.103Z | GET | /api/jobs/1 | 304 | 8ms
2026-07-19T18:27:41.107Z | GET | /api/assessments/by-job/1 | 200 | 9ms
2026-07-19T18:27:58.257Z | GET | /api/auth/me | 304 | 5ms
2026-07-19T18:28:01.198Z | GET | /api/auth/me | 304 | 5ms
2026-07-19T18:28:01.469Z | GET | /api/jobs?page=1&limit=10 | 304 | 5ms
2026-07-19T18:28:08.319Z | GET | /api/auth/me | 304 | 4ms
2026-07-19T18:28:11.851Z | GET | /api/auth/me | 304 | 6ms
2026-07-19T18:28:12.146Z | GET | /api/jobs?page=1&limit=10 | 304 | 7ms
2026-07-19T18:28:31.794Z | POST | /api/auth/login | 200 | 185ms
2026-07-19T18:28:36.341Z | GET | /api/auth/me | 200 | 4ms
2026-07-19T18:28:36.615Z | GET | /api/jobs?page=1&limit=10 | 304 | 2ms
2026-07-19T18:28:38.223Z | GET | /api/jobs/1 | 304 | 5ms
2026-07-19T18:28:38.233Z | GET | /api/assessments/by-job/1 | 304 | 12ms
2026-07-19T18:28:55.580Z | POST | /api/jobs/1/apply | 403 | 4ms
2026-07-19T18:29:08.696Z | GET | /api/jobs?page=1&limit=10 | 304 | 5ms
2026-07-19T18:29:12.561Z | GET | /api/auth/me | 304 | 4ms
2026-07-19T18:29:15.416Z | GET | /api/auth/me | 304 | 3ms
2026-07-19T18:29:15.437Z | GET | /api/assessments/1 | 404 | 9ms
2026-07-19T18:29:16.471Z | GET | /api/assessments/1 | 404 | 4ms
2026-07-19T18:29:18.479Z | GET | /api/assessments/1 | 404 | 3ms
2026-07-19T18:29:25.629Z | GET | /api/assessments/1 | 404 | 2ms
2026-07-19T18:29:33.072Z | GET | /api/jobs/1 | 304 | 5ms
2026-07-19T18:29:33.076Z | GET | /api/assessments/by-job/1 | 304 | 6ms
2026-07-19T18:29:36.250Z | POST | /api/auth/logout | 200 | 27ms
2026-07-19T18:29:45.302Z | POST | /api/auth/login | 200 | 177ms
2026-07-19T18:29:49.768Z | GET | /api/auth/me | 200 | 3ms
2026-07-19T18:29:50.034Z | GET | /api/jobs?page=1&limit=10 | 304 | 4ms
2026-07-19T18:29:51.712Z | GET | /api/assessments/by-job/1 | 304 | 3ms
2026-07-19T18:29:51.714Z | GET | /api/jobs/1 | 304 | 4ms
2026-07-19T18:31:18.726Z | GET | /api/jobs/1 | 304 | 2ms
2026-07-19T18:31:21.173Z | GET | /api/jobs?page=1&limit=10 | 304 | 7ms
2026-07-19T18:31:38.578Z | GET | /api/jobs/2 | 304 | 4ms
2026-07-19T18:31:38.580Z | GET | /api/assessments/by-job/2 | 200 | 5ms
2026-07-19T18:31:43.968Z | GET | /api/assessments/2 | 200 | 9ms
2026-07-19T18:31:50.921Z | GET | /api/assessments/2 | 304 | 2ms
2026-07-19T18:32:04.526Z | GET | /api/assessments/2 | 304 | 3ms
2026-07-19T18:33:17.137Z | POST | /api/assessments/2/submit | 201 | 47ms
2026-07-19T18:33:39.837Z | GET | /api/assessments/2 | 304 | 3ms
2026-07-19T18:33:49.473Z | GET | /api/assessments/2 | 304 | 3ms
2026-07-19T18:35:15.504Z | GET | /api/assessments/2 | 304 | 64ms
2026-07-19T18:38:35.837Z | GET | /api/assessments/2 | 304 | 4ms
2026-07-19T18:46:40.850Z | GET | /api/assessments/2 | 401 | 57ms
2026-07-19T18:50:24.134Z | POST | /api/auth/login | 200 | 477ms
2026-07-19T18:50:29.609Z | GET | /api/auth/me | 304 | 8ms
2026-07-19T18:50:29.960Z | GET | /api/jobs?page=1&limit=10 | 304 | 83ms
2026-07-19T18:50:34.116Z | GET | /api/jobs/3 | 304 | 6ms
2026-07-19T18:50:34.119Z | GET | /api/assessments/by-job/3 | 200 | 17ms
2026-07-19T18:50:39.632Z | GET | /api/assessments/by-job/4 | 200 | 6ms
2026-07-19T18:50:39.635Z | GET | /api/jobs/4 | 304 | 6ms
2026-07-19T18:50:45.680Z | GET | /api/assessments/3 | 200 | 12ms
2026-07-19T18:51:09.588Z | GET | /api/assessments/3 | 304 | 5ms
2026-07-19T18:54:06.248Z | GET | /api/assessments/3 | 304 | 6ms
2026-07-19T18:54:21.433Z | GET | /api/assessments/3 | 304 | 4ms
2026-07-19T18:54:23.735Z | GET | /api/assessments/3 | 304 | 2ms
2026-07-19T18:54:26.225Z | GET | /api/assessments/3 | 304 | 15ms
2026-07-19T18:55:11.302Z | GET | /api/assessments/3 | 304 | 5ms
2026-07-19T18:55:46.055Z | GET | /api/assessments/3 | 304 | 6ms
2026-07-19T18:55:48.367Z | GET | /api/assessments/3 | 304 | 2ms
2026-07-19T18:55:50.974Z | GET | /api/assessments/3 | 304 | 2ms
2026-07-19T18:56:30.951Z | GET | /api/assessments/3 | 304 | 8ms
2026-07-19T18:56:35.931Z | GET | /api/assessments/3 | 304 | 4ms
2026-07-19T19:06:01.819Z | GET | /api/assessments/3 | 401 | 2ms
2026-07-19T19:15:29.645Z | POST | /api/auth/login | 200 | 215ms
2026-07-19T19:15:32.365Z | GET | /api/auth/me | 304 | 6ms
2026-07-19T19:15:32.696Z | GET | /api/jobs?page=1&limit=10 | 304 | 15ms
2026-07-19T19:15:37.028Z | GET | /api/jobs/2 | 304 | 11ms
2026-07-19T19:15:37.031Z | GET | /api/assessments/by-job/2 | 304 | 12ms
2026-07-19T19:15:39.144Z | GET | /api/assessments/2 | 304 | 14ms
2026-07-19T19:15:54.982Z | GET | /api/jobs/1 | 304 | 4ms
2026-07-19T19:15:54.984Z | GET | /api/assessments/by-job/1 | 200 | 5ms
2026-07-19T19:15:56.630Z | GET | /api/assessments/1 | 200 | 6ms
2026-07-19T19:16:03.592Z | GET | /api/jobs?page=1&limit=10 | 304 | 10ms
2026-07-19T19:16:06.457Z | GET | /api/assessments/2 | 304 | 5ms
2026-07-19T19:16:26.928Z | POST | /api/assessments/2/submit | 409 | 43ms
2026-07-19T19:20:14.720Z | GET | /api/assessments/2 | 304 | 9ms
2026-07-19T19:20:16.845Z | POST | /api/assessments/2/submit | 409 | 5ms
2026-07-19T19:20:21.456Z | GET | /api/assessments/2 | 304 | 3ms
2026-07-22T17:56:08.985Z | GET | /api/auth/me | 401 | 19ms
2026-07-22T17:56:12.540Z | GET | /api/auth/me | 401 | 3ms
2026-07-22T17:56:25.797Z | POST | /api/auth/login | 200 | 257ms
2026-07-22T17:56:28.746Z | GET | /api/auth/me | 304 | 6ms
2026-07-22T17:56:29.854Z | GET | /api/jobs?page=1&limit=10 | 200 | 28ms
2026-07-22T17:56:33.805Z | GET | /api/jobs/3 | 200 | 4ms
2026-07-22T17:56:33.807Z | GET | /api/assessments/by-job/3 | 200 | 8ms
2026-07-22T17:56:36.847Z | GET | /api/assessments/3 | 304 | 10ms
2026-07-22T18:00:06.820Z | GET | /api/jobs/3 | 304 | 5ms
2026-07-22T18:00:09.068Z | GET | /api/jobs?page=1&limit=10 | 304 | 5ms
2026-07-22T18:00:16.053Z | GET | /api/jobs/10 | 200 | 6ms
2026-07-22T18:00:16.056Z | GET | /api/assessments/by-job/10 | 200 | 7ms
2026-07-22T18:00:29.113Z | GET | /api/assessments/by-job/9 | 200 | 7ms
2026-07-22T18:00:29.115Z | GET | /api/jobs/9 | 200 | 5ms
2026-07-22T18:00:34.531Z | GET | /api/assessments/by-job/1 | 200 | 4ms
2026-07-22T18:00:34.535Z | GET | /api/jobs/1 | 304 | 5ms
2026-07-22T18:00:42.263Z | GET | /api/jobs?page=1&limit=10 | 304 | 6ms
2026-07-22T18:42:12.214Z | GET | /api/jobs?page=1&limit=10 | 304 | 180ms
2026-07-22T18:42:13.898Z | GET | /api/assessments/by-job/1 | 401 | 4ms
2026-07-22T18:42:13.900Z | GET | /api/jobs/1 | 304 | 10ms
2026-07-22T18:57:51.267Z | POST | /api/auth/login | 200 | 258ms
2026-07-22T18:57:54.568Z | GET | /api/auth/me | 304 | 11ms
2026-07-22T18:57:55.382Z | GET | /api/auth/me | 304 | 4ms
2026-07-22T18:57:56.367Z | GET | /api/jobs?page=1&limit=10 | 304 | 14ms
2026-07-22T18:57:58.718Z | GET | /api/jobs/10 | 304 | 8ms
2026-07-22T18:57:58.722Z | GET | /api/assessments/by-job/10 | 304 | 10ms
2026-07-22T18:58:03.000Z | GET | /api/jobs/9 | 304 | 5ms
2026-07-22T18:58:03.003Z | GET | /api/assessments/by-job/9 | 304 | 5ms
2026-07-22T18:58:16.762Z | POST | /api/jobs/9/apply | 201 | 52ms
2026-07-22T18:58:43.440Z | POST | /api/jobs/9/apply | 409 | 27ms
2026-07-22T18:58:49.846Z | GET | /api/jobs?page=1&limit=10 | 304 | 5ms
2026-07-22T19:00:56.950Z | GET | /api/jobs?page=1&limit=10 | 304 | 10ms
2026-07-22T19:30:07.547Z | GET | /api/auth/me | 401 | 33ms
2026-07-24T18:52:16.186Z | GET | /api/auth/me | 401 | 24ms
2026-07-24T18:52:19.695Z | GET | /api/auth/me | 401 | 3ms
2026-07-24T18:52:29.214Z | POST | /api/auth/login | 200 | 434ms
2026-07-24T18:52:29.319Z | GET | /api/notifications | 200 | 14ms
2026-07-24T18:52:38.487Z | GET | /api/jobs?page=1&limit=10 | 304 | 15ms
2026-07-24T18:53:02.154Z | POST | /api/auth/logout | 200 | 16ms
2026-07-24T18:53:09.280Z | POST | /api/auth/login | 200 | 136ms
2026-07-24T18:53:09.304Z | GET | /api/notifications | 304 | 3ms
2026-07-24T18:53:14.765Z | GET | /api/jobs?page=1&limit=10 | 304 | 5ms
2026-07-24T18:53:16.520Z | GET | /api/jobs/8 | 200 | 6ms
2026-07-24T18:53:16.521Z | GET | /api/assessments/by-job/8 | 200 | 5ms
2026-07-24T18:53:41.949Z | GET | /api/notifications | 304 | 2ms
2026-07-24T18:56:06.772Z | GET | /api/notifications | 304 | 11ms
2026-07-24T18:56:21.808Z | POST | /api/auth/logout | 200 | 16ms
2026-07-24T18:56:31.424Z | POST | /api/auth/login | 200 | 163ms
2026-07-24T18:56:43.439Z | POST | /api/auth/login | 401 | 148ms
2026-07-24T18:56:48.396Z | POST | /api/auth/login | 401 | 148ms
2026-07-24T18:56:54.319Z | POST | /api/auth/login | 200 | 167ms
2026-07-24T18:56:54.343Z | GET | /api/notifications | 304 | 5ms
2026-07-24T18:57:00.239Z | GET | /api/jobs?page=1&limit=10 | 304 | 9ms
2026-07-24T18:57:03.359Z | GET | /api/assessments/by-job/9 | 304 | 6ms
2026-07-24T18:57:03.363Z | GET | /api/jobs/9 | 304 | 8ms
2026-07-24T18:57:04.701Z | GET | /api/assessments/4 | 403 | 27ms
2026-07-24T18:57:05.717Z | GET | /api/assessments/4 | 403 | 10ms
2026-07-24T18:57:07.730Z | GET | /api/assessments/4 | 403 | 9ms
2026-07-24T18:57:11.736Z | GET | /api/assessments/4 | 403 | 3ms
2026-07-24T18:57:25.049Z | POST | /api/jobs/9/apply | 403 | 3ms
2026-07-24T18:57:27.910Z | GET | /api/assessments/4 | 403 | 11ms
2026-07-24T18:57:28.914Z | GET | /api/assessments/4 | 403 | 4ms
2026-07-24T18:57:30.927Z | GET | /api/assessments/4 | 403 | 5ms
2026-07-24T18:57:34.934Z | GET | /api/assessments/4 | 403 | 3ms
2026-07-24T18:57:36.649Z | GET | /api/jobs?page=1&limit=10 | 304 | 2ms
2026-07-24T18:57:39.187Z | GET | /api/assessments/by-job/1 | 304 | 4ms
2026-07-24T18:57:39.189Z | GET | /api/jobs/1 | 304 | 4ms
2026-07-24T18:57:44.229Z | GET | /api/notifications | 304 | 6ms
2026-07-27T17:04:45.718Z | GET | /api/auth/me | 401 | 49ms
2026-07-27T17:04:47.544Z | GET | /api/auth/me | 401 | 3ms
2026-07-27T17:04:54.102Z | GET | /api/auth/me | 401 | 18ms
2026-07-27T17:05:16.119Z | POST | /api/auth/login | 200 | 897ms
2026-07-27T17:05:16.552Z | GET | /api/notifications | 304 | 45ms
2026-07-27T17:05:38.808Z | GET | /api/jobs?page=1&limit=10 | 304 | 56ms
2026-07-27T17:05:47.580Z | GET | /api/notifications | 304 | 7ms
2026-07-27T17:05:49.547Z | POST | /api/auth/logout | 200 | 30ms
2026-07-27T17:07:08.901Z | POST | /api/auth/register | 201 | 312ms
2026-07-27T17:07:23.176Z | POST | /api/auth/login | 200 | 270ms
2026-07-27T17:07:23.232Z | GET | /api/notifications | 304 | 8ms
2026-07-27T17:07:25.698Z | GET | /api/jobs?page=1&limit=10 | 304 | 11ms
2026-07-27T17:07:28.379Z | GET | /api/jobs/6 | 200 | 17ms
2026-07-27T17:07:28.383Z | GET | /api/assessments/by-job/6 | 200 | 14ms
2026-07-27T17:08:44.624Z | GET | /api/notifications | 304 | 9ms
2026-07-27T17:08:49.710Z | GET | /api/auth/me | 200 | 11ms
2026-07-27T17:08:51.267Z | GET | /api/notifications | 304 | 33ms
2026-07-27T17:08:51.285Z | GET | /api/recruiter/jobs | 200 | 45ms
2026-07-27T17:08:51.298Z | GET | /api/analytics/recruiter | 200 | 47ms
2026-07-27T17:08:56.708Z | GET | /api/jobs?page=1&limit=10 | 304 | 16ms
2026-07-27T17:08:59.506Z | GET | /api/recruiter/jobs | 304 | 7ms
2026-07-27T17:08:59.510Z | GET | /api/analytics/recruiter | 304 | 8ms
2026-07-27T17:09:14.521Z | GET | /api/recruiter/jobs | 304 | 9ms
2026-07-27T17:09:14.524Z | GET | /api/analytics/recruiter | 304 | 6ms
2026-07-27T17:15:52.457Z | GET | /api/auth/me | 304 | 267ms
2026-07-27T17:15:59.220Z | GET | /api/notifications | 304 | 43ms
2026-07-27T17:15:59.296Z | GET | /api/recruiter/jobs | 304 | 98ms
2026-07-27T17:15:59.316Z | GET | /api/analytics/recruiter | 304 | 110ms
2026-07-27T17:40:59.909Z | GET | /api/notifications | 401 | 90ms
2026-07-27T17:40:59.986Z | GET | /api/analytics/recruiter | 401 | 4ms
2026-07-27T17:40:59.994Z | GET | /api/sse/connect | 401 | 6ms
2026-07-27T17:40:59.978Z | GET | /api/recruiter/jobs | 401 | 15ms
2026-07-27T17:41:13.692Z | POST | /api/auth/login | 200 | 501ms
2026-07-27T17:41:13.836Z | GET | /api/notifications | 304 | 7ms
2026-07-27T17:41:18.912Z | GET | /api/auth/me | 304 | 7ms
2026-07-27T17:41:21.344Z | GET | /api/auth/me | 304 | 4ms
2026-07-27T17:41:21.685Z | GET | /api/notifications | 304 | 28ms
2026-07-27T17:41:21.688Z | GET | /api/recruiter/jobs | 304 | 23ms
2026-07-27T17:41:21.702Z | GET | /api/analytics/recruiter | 304 | 29ms
2026-07-27T17:41:24.108Z | GET | /api/recruiter/jobs | 304 | 9ms
2026-07-27T17:41:24.116Z | GET | /api/analytics/recruiter | 304 | 14ms
2026-07-27T17:41:34.540Z | GET | /api/recruiter/jobs | 304 | 9ms
2026-07-27T17:41:34.542Z | GET | /api/analytics/recruiter | 304 | 5ms
2026-07-27T17:44:42.053Z | GET | /api/analytics/recruiter | 304 | 87ms
2026-07-27T17:44:42.095Z | GET | /api/notifications | 304 | 19ms
2026-07-27T17:44:42.099Z | GET | /api/recruiter/jobs | 304 | 43ms
2026-07-27T17:45:21.503Z | GET | /api/recruiter/jobs | 304 | 46ms
2026-07-27T17:45:21.546Z | GET | /api/analytics/recruiter | 304 | 66ms
2026-07-27T17:45:21.552Z | GET | /api/notifications | 304 | 68ms
2026-07-27T17:45:23.932Z | GET | /api/jobs?page=1&limit=10 | 304 | 39ms
2026-07-27T17:45:28.096Z | GET | /api/recruiter/jobs | 304 | 18ms
2026-07-27T17:45:28.107Z | GET | /api/analytics/recruiter | 304 | 21ms
2026-07-27T17:45:36.967Z | GET | /api/recruiter/jobs | 304 | 9ms
2026-07-27T17:45:36.971Z | GET | /api/analytics/recruiter | 304 | 9ms
2026-07-27T17:45:42.437Z | GET | /api/recruiter/jobs | 304 | 12ms
2026-07-27T17:45:42.445Z | GET | /api/analytics/recruiter | 304 | 16ms
2026-07-27T17:45:56.513Z | GET | /api/recruiter/jobs | 304 | 14ms
2026-07-27T17:45:56.518Z | GET | /api/analytics/recruiter | 304 | 14ms
2026-07-27T17:45:56.522Z | GET | /api/notifications | 304 | 15ms
2026-07-27T17:45:57.791Z | GET | /api/jobs?page=1&limit=10 | 304 | 12ms
2026-07-27T17:46:00.143Z | GET | /api/recruiter/jobs | 304 | 33ms
2026-07-27T17:46:00.149Z | GET | /api/analytics/recruiter | 304 | 31ms
2026-07-27T17:46:31.582Z | GET | /api/recruiter/jobs | 304 | 14ms
2026-07-27T17:46:31.588Z | GET | /api/notifications | 304 | 11ms
2026-07-27T17:46:31.595Z | GET | /api/analytics/recruiter | 304 | 21ms
2026-07-27T17:48:09.178Z | GET | /api/recruiter/jobs | 304 | 19ms
2026-07-27T17:48:09.181Z | GET | /api/analytics/recruiter | 304 | 18ms
2026-07-27T17:48:09.186Z | GET | /api/notifications | 304 | 15ms
2026-07-27T17:48:10.936Z | POST | /api/auth/logout | 200 | 72ms
2026-07-27T17:48:20.445Z | GET | /api/auth/me | 401 | 8ms
2026-07-27T18:01:25.143Z | POST | /api/auth/login | 200 | 452ms
2026-07-27T18:01:25.642Z | GET | /api/notifications | 304 | 34ms
2026-07-27T18:01:31.050Z | GET | /api/auth/me | 304 | 12ms
2026-07-27T18:01:32.627Z | GET | /api/notifications | 304 | 16ms
2026-07-27T18:01:32.656Z | GET | /api/recruiter/jobs | 200 | 38ms
2026-07-27T18:01:32.670Z | GET | /api/analytics/recruiter | 200 | 38ms
2026-07-27T18:02:04.973Z | GET | /api/notifications | 304 | 26ms
2026-07-27T18:02:04.992Z | GET | /api/recruiter/jobs/11/applications | 200 | 39ms
2026-07-27T18:02:21.056Z | GET | /api/recruiter/jobs | 304 | 23ms
2026-07-27T18:02:21.064Z | GET | /api/analytics/recruiter | 304 | 17ms
2026-07-27T18:02:29.636Z | GET | /api/recruiter/jobs/12/applications | 200 | 25ms
2026-07-27T18:02:32.249Z | GET | /api/recruiter/jobs | 304 | 19ms
2026-07-27T18:02:32.256Z | GET | /api/analytics/recruiter | 304 | 13ms
2026-07-27T18:02:33.728Z | GET | /api/jobs?page=1&limit=10 | 200 | 19ms
2026-07-27T18:02:38.604Z | GET | /api/jobs?page=2&limit=10 | 200 | 12ms
2026-07-27T18:03:02.826Z | GET | /api/notifications | 304 | 11ms
2026-07-27T18:03:02.830Z | GET | /api/recruiter/jobs | 304 | 11ms
2026-07-27T18:03:02.835Z | GET | /api/analytics/recruiter | 304 | 13ms
2026-07-27T18:03:08.366Z | GET | /api/recruiter/jobs/11/applications | 304 | 11ms
2026-07-27T18:03:10.976Z | GET | /api/analytics/recruiter | 304 | 17ms
2026-07-27T18:03:10.972Z | GET | /api/recruiter/jobs | 304 | 19ms
2026-07-27T18:03:20.559Z | GET | /api/recruiter/jobs/11/applications | 304 | 18ms
2026-07-27T18:03:22.859Z | GET | /api/recruiter/jobs | 304 | 18ms
2026-07-27T18:03:22.864Z | GET | /api/analytics/recruiter | 304 | 10ms
2026-07-27T18:03:55.778Z | GET | /api/recruiter/jobs | 304 | 21ms
2026-07-27T18:03:55.783Z | GET | /api/analytics/recruiter | 304 | 18ms
2026-07-27T18:03:55.790Z | GET | /api/notifications | 304 | 20ms
2026-07-27T18:04:05.734Z | GET | /api/recruiter/jobs | 304 | 10ms
2026-07-27T18:04:05.738Z | GET | /api/analytics/recruiter | 304 | 10ms
2026-07-27T18:04:41.143Z | GET | /api/recruiter/jobs | 304 | 16ms
2026-07-27T18:04:41.149Z | GET | /api/analytics/recruiter | 304 | 17ms
2026-07-27T18:04:41.155Z | GET | /api/notifications | 304 | 19ms
2026-07-27T18:05:03.111Z | GET | /api/recruiter/jobs | 304 | 9ms
2026-07-27T18:05:03.115Z | GET | /api/analytics/recruiter | 304 | 9ms
2026-07-27T18:05:04.938Z | GET | /api/recruiter/jobs/11/applications | 304 | 8ms
2026-07-27T18:05:11.627Z | GET | /api/notifications | 304 | 18ms
2026-07-27T18:05:11.640Z | GET | /api/recruiter/jobs/11/applications | 304 | 24ms
2026-07-27T18:05:24.991Z | GET | /api/recruiter/jobs/11/applications | 304 | 11ms
2026-07-27T18:08:06.330Z | GET | /api/notifications | 304 | 12ms
2026-07-27T18:08:06.340Z | GET | /api/recruiter/jobs/11/applications | 304 | 16ms
2026-07-27T18:08:26.081Z | GET | /api/recruiter/jobs/11/applications | 304 | 16ms
2026-07-27T18:08:28.021Z | GET | /api/recruiter/jobs | 304 | 27ms
2026-07-27T18:08:28.045Z | GET | /api/analytics/recruiter | 304 | 32ms
2026-07-27T18:08:32.308Z | GET | /api/recruiter/jobs | 304 | 11ms
2026-07-27T18:08:32.314Z | GET | /api/analytics/recruiter | 304 | 13ms
2026-07-27T18:08:36.223Z | GET | /api/recruiter/jobs/13/applications | 200 | 10ms
2026-07-27T18:08:54.246Z | GET | /api/notifications | 304 | 9ms
2026-07-27T18:08:54.267Z | GET | /api/recruiter/jobs/13/applications | 304 | 13ms
2026-07-27T18:09:01.223Z | GET | /api/recruiter/jobs | 304 | 22ms
2026-07-27T18:09:01.229Z | GET | /api/analytics/recruiter | 304 | 11ms
2026-07-27T18:09:09.977Z | GET | /api/recruiter/jobs | 304 | 16ms
2026-07-27T18:09:09.987Z | GET | /api/analytics/recruiter | 304 | 20ms
2026-07-27T18:09:12.470Z | GET | /api/recruiter/jobs | 304 | 15ms
2026-07-27T18:09:12.488Z | GET | /api/analytics/recruiter | 304 | 28ms
2026-07-27T18:09:14.059Z | GET | /api/analytics/recruiter | 304 | 15ms
2026-07-27T18:09:14.050Z | GET | /api/recruiter/jobs | 304 | 11ms
2026-07-27T18:09:39.645Z | GET | /api/recruiter/jobs | 304 | 11ms
2026-07-27T18:09:39.653Z | GET | /api/analytics/recruiter | 304 | 15ms
2026-07-27T18:09:39.671Z | GET | /api/notifications | 304 | 10ms
2026-07-27T18:09:43.623Z | GET | /api/recruiter/jobs | 304 | 12ms
2026-07-27T18:09:43.628Z | GET | /api/analytics/recruiter | 304 | 13ms
2026-07-27T18:09:46.851Z | GET | /api/recruiter/jobs | 304 | 14ms
2026-07-27T18:09:46.855Z | GET | /api/analytics/recruiter | 304 | 12ms
2026-07-27T18:09:53.406Z | GET | /api/analytics/recruiter | 304 | 5ms
2026-07-27T18:09:53.412Z | GET | /api/recruiter/jobs | 304 | 15ms
2026-07-27T18:09:55.222Z | GET | /api/recruiter/jobs/11/applications | 304 | 9ms
2026-07-27T18:10:19.244Z | GET | /api/notifications | 304 | 9ms
2026-07-27T18:10:19.257Z | GET | /api/recruiter/jobs/11/applications | 304 | 11ms
2026-07-27T18:10:23.875Z | GET | /api/recruiter/jobs | 304 | 20ms
2026-07-27T18:10:23.881Z | GET | /api/analytics/recruiter | 304 | 12ms
2026-07-27T18:10:26.341Z | GET | /api/recruiter/jobs/13/applications | 304 | 18ms
2026-07-27T18:10:33.905Z | GET | /api/recruiter/jobs/13/applications | 304 | 13ms
2026-07-27T18:10:43.586Z | GET | /api/recruiter/jobs/13/applications | 304 | 8ms
2026-07-27T18:10:46.457Z | GET | /api/recruiter/jobs | 304 | 25ms
2026-07-27T18:10:46.464Z | GET | /api/analytics/recruiter | 304 | 16ms
2026-07-27T18:10:47.544Z | GET | /api/recruiter/jobs/11/applications | 304 | 11ms
2026-07-27T18:10:48.979Z | GET | /api/recruiter/jobs | 304 | 13ms
2026-07-27T18:10:48.984Z | GET | /api/analytics/recruiter | 304 | 15ms
2026-07-27T18:10:50.832Z | GET | /api/notifications | 304 | 12ms
2026-07-27T18:10:50.844Z | GET | /api/recruiter/jobs/12/applications | 304 | 9ms
2026-07-27T18:10:52.578Z | GET | /api/recruiter/jobs | 304 | 17ms
2026-07-27T18:10:52.583Z | GET | /api/analytics/recruiter | 304 | 10ms
2026-07-27T18:10:53.850Z | GET | /api/recruiter/jobs/13/applications | 304 | 25ms
2026-07-27T18:10:55.476Z | GET | /api/recruiter/jobs | 304 | 33ms
2026-07-27T18:10:55.489Z | GET | /api/analytics/recruiter | 304 | 31ms
2026-07-27T18:10:57.313Z | GET | /api/recruiter/jobs/14/applications | 200 | 19ms
2026-07-27T18:10:58.701Z | GET | /api/recruiter/jobs | 304 | 14ms
2026-07-27T18:10:58.707Z | GET | /api/analytics/recruiter | 304 | 17ms
2026-07-27T18:11:00.297Z | GET | /api/recruiter/jobs/15/applications | 200 | 10ms
2026-07-27T18:11:03.225Z | GET | /api/recruiter/jobs/15/applications | 304 | 9ms
2026-07-27T18:11:04.596Z | GET | /api/recruiter/jobs | 304 | 19ms
2026-07-27T18:11:04.612Z | GET | /api/analytics/recruiter | 304 | 11ms
2026-07-27T18:11:06.702Z | GET | /api/jobs?page=1&limit=10 | 304 | 14ms
2026-07-27T18:11:15.709Z | GET | /api/jobs?page=2&limit=10 | 304 | 13ms
2026-07-27T18:11:30.328Z | GET | /api/notifications | 304 | 8ms
2026-07-27T18:11:30.341Z | GET | /api/recruiter/jobs | 304 | 18ms
2026-07-27T18:11:30.347Z | GET | /api/analytics/recruiter | 304 | 17ms
2026-07-27T18:11:47.937Z | GET | /api/recruiter/jobs/13/applications | 304 | 19ms
2026-07-27T18:11:54.429Z | GET | /api/recruiter/jobs/13/applications | 304 | 7ms
2026-07-27T18:12:05.504Z | GET | /api/notifications | 304 | 16ms
2026-07-27T18:12:05.513Z | GET | /api/recruiter/jobs/13/applications | 304 | 28ms
2026-07-27T18:12:07.742Z | GET | /api/recruiter/jobs | 304 | 13ms
2026-07-27T18:12:07.748Z | GET | /api/analytics/recruiter | 304 | 13ms
2026-07-27T18:12:09.021Z | GET | /api/recruiter/jobs/11/applications | 304 | 26ms
2026-07-27T18:12:46.427Z | GET | /api/notifications | 304 | 17ms
2026-07-27T18:12:46.438Z | GET | /api/recruiter/jobs/11/applications | 304 | 21ms
2026-07-27T18:12:48.648Z | GET | /api/recruiter/jobs/11/applications | 304 | 13ms
2026-07-27T18:23:03.295Z | GET | /api/auth/me | 401 | 83ms
2026-07-27T18:23:47.661Z | POST | /api/auth/login | 200 | 499ms
2026-07-27T18:23:47.871Z | GET | /api/notifications | 304 | 22ms
2026-07-27T18:23:52.715Z | GET | /api/auth/me | 304 | 6ms
2026-07-27T18:23:53.088Z | GET | /api/notifications | 304 | 14ms
2026-07-27T18:23:53.109Z | GET | /api/recruiter/jobs | 304 | 31ms
2026-07-27T18:23:53.123Z | GET | /api/analytics/recruiter | 304 | 41ms
2026-07-27T18:24:07.457Z | GET | /api/recruiter/jobs | 304 | 13ms
2026-07-27T18:24:07.461Z | GET | /api/analytics/recruiter | 304 | 10ms
2026-07-27T18:24:11.589Z | GET | /api/recruiter/jobs | 304 | 8ms
2026-07-27T18:24:11.593Z | GET | /api/analytics/recruiter | 304 | 8ms
2026-07-27T18:24:13.521Z | GET | /api/recruiter/jobs/12/applications | 304 | 16ms
2026-07-27T18:24:35.149Z | GET | /api/notifications | 304 | 8ms
2026-07-27T18:24:35.159Z | GET | /api/recruiter/jobs/12/applications | 304 | 15ms
2026-07-27T18:24:46.076Z | GET | /api/recruiter/jobs/12/applications | 304 | 17ms
2026-07-27T18:25:02.577Z | GET | /api/recruiter/jobs/12/applications | 304 | 13ms
2026-07-27T18:25:04.634Z | GET | /api/recruiter/jobs/12/applications | 304 | 7ms
2026-07-27T18:25:07.023Z | GET | /api/notifications | 304 | 7ms
2026-07-27T18:25:07.049Z | GET | /api/recruiter/jobs/12/applications | 304 | 22ms
2026-07-27T18:25:12.231Z | GET | /api/recruiter/jobs/12/applications | 304 | 10ms
2026-07-27T18:25:13.971Z | GET | /api/recruiter/jobs/12/applications | 304 | 7ms
2026-07-27T18:25:17.449Z | GET | /api/recruiter/jobs/12/applications | 304 | 9ms
2026-07-27T18:25:20.254Z | GET | /api/recruiter/jobs/12/applications | 304 | 11ms
2026-07-27T18:25:23.016Z | PATCH | /api/recruiter/applications/12/status | 200 | 58ms
2026-07-27T18:25:23.043Z | GET | /api/recruiter/jobs/12/applications | 200 | 22ms
2026-07-27T18:25:28.245Z | GET | /api/recruiter/jobs/12/applications | 304 | 11ms
2026-07-27T18:25:29.481Z | GET | /api/auth/me | 304 | 4ms
2026-07-27T18:25:29.862Z | GET | /api/notifications | 304 | 7ms
2026-07-27T18:25:29.873Z | GET | /api/recruiter/jobs/12/applications | 304 | 15ms
2026-07-27T18:25:37.356Z | GET | /api/recruiter/jobs/12/applications | 304 | 10ms
2026-07-27T18:25:45.474Z | GET | /api/recruiter/jobs/12/applications | 304 | 8ms
2026-07-27T18:25:50.408Z | GET | /api/recruiter/jobs/12/applications | 304 | 6ms
2026-07-27T18:26:23.429Z | GET | /api/recruiter/jobs/12/applications | 304 | 23ms
2026-07-27T18:26:23.434Z | GET | /api/notifications | 304 | 19ms
2026-07-27T18:27:31.010Z | GET | /api/notifications | 304 | 8ms
2026-07-27T18:27:31.015Z | GET | /api/recruiter/jobs/12/applications | 304 | 18ms
2026-07-27T18:31:46.257Z | GET | /api/recruiter/jobs/12/applications | 304 | 9ms
2026-07-27T18:34:08.230Z | GET | /api/notifications | 304 | 7ms
2026-07-27T18:34:08.233Z | GET | /api/recruiter/jobs/12/applications | 304 | 20ms
2026-07-27T18:34:26.851Z | GET | /api/recruiter/jobs/12/applications | 304 | 7ms
2026-07-27T18:39:21.566Z | GET | /api/sse/connect | 401 | 193ms
2026-07-27T18:55:21.464Z | GET | /api/notifications | 401 | 81ms
2026-07-27T18:55:21.489Z | GET | /api/recruiter/jobs/12/applications | 401 | 14ms
2026-07-27T18:55:21.492Z | GET | /api/sse/connect | 401 | 21ms
2026-07-27T18:58:09.853Z | POST | /api/auth/login | 200 | 385ms
2026-07-27T18:58:10.030Z | GET | /api/notifications | 304 | 19ms
2026-07-27T18:58:13.593Z | GET | /api/auth/me | 304 | 16ms
2026-07-27T18:58:15.048Z | GET | /api/notifications | 304 | 3ms
2026-07-27T18:58:15.080Z | GET | /api/recruiter/jobs | 304 | 31ms
2026-07-27T18:58:15.087Z | GET | /api/analytics/recruiter | 304 | 35ms
2026-07-27T18:58:17.904Z | GET | /api/analytics/recruiter | 304 | 3ms
2026-07-27T18:58:17.905Z | GET | /api/recruiter/jobs | 304 | 6ms
2026-07-27T18:58:47.079Z | GET | /api/recruiter/jobs | 304 | 9ms
2026-07-27T18:58:47.081Z | GET | /api/analytics/recruiter | 304 | 8ms
2026-07-27T18:58:47.088Z | GET | /api/notifications | 304 | 13ms
2026-07-27T18:58:48.836Z | GET | /api/recruiter/jobs/12/applications | 304 | 12ms
2026-07-27T18:58:56.910Z | GET | /api/recruiter/jobs | 304 | 8ms
2026-07-27T18:58:56.913Z | GET | /api/analytics/recruiter | 304 | 10ms
2026-07-27T18:59:00.199Z | GET | /api/recruiter/jobs | 304 | 4ms
2026-07-27T18:59:00.201Z | GET | /api/analytics/recruiter | 304 | 4ms
2026-07-27T18:59:16.452Z | GET | /api/recruiter/jobs | 304 | 5ms
2026-07-27T18:59:16.453Z | GET | /api/analytics/recruiter | 304 | 4ms
2026-07-27T19:00:56.508Z | GET | /api/recruiter/jobs | 304 | 14ms
2026-07-27T19:00:56.513Z | GET | /api/analytics/recruiter | 304 | 17ms
2026-07-27T19:00:56.515Z | GET | /api/notifications | 304 | 6ms
2026-07-27T19:00:58.531Z | GET | /api/recruiter/jobs/12/applications | 304 | 4ms
2026-07-27T19:01:03.060Z | GET | /api/recruiter/jobs/12/applications | 304 | 4ms
2026-07-27T19:01:17.583Z | GET | /api/recruiter/jobs/12/applications | 304 | 4ms
2026-07-27T19:01:49.810Z | GET | /api/notifications | 304 | 6ms
2026-07-27T19:01:49.813Z | GET | /api/recruiter/jobs/12/applications | 304 | 6ms
2026-07-27T19:02:02.805Z | GET | /api/recruiter/jobs/12/applications | 304 | 4ms
2026-07-27T19:02:19.766Z | PATCH | /api/recruiter/applications/11/status | 200 | 21ms
2026-07-27T19:02:19.772Z | GET | /api/recruiter/jobs/12/applications | 200 | 3ms
2026-07-27T19:02:25.880Z | PATCH | /api/recruiter/applications/11/status | 200 | 20ms
2026-07-27T19:02:25.886Z | GET | /api/recruiter/jobs/12/applications | 200 | 4ms
2026-07-27T19:02:41.738Z | GET | /api/notifications | 304 | 5ms
2026-07-27T19:02:41.742Z | GET | /api/recruiter/jobs/12/applications | 304 | 7ms
2026-07-27T19:04:11.336Z | GET | /api/notifications | 304 | 17ms
2026-07-27T19:04:11.343Z | GET | /api/recruiter/jobs/12/applications | 304 | 12ms
2026-07-27T19:04:18.823Z | GET | /api/recruiter/jobs/12/applications | 304 | 5ms
2026-07-27T19:04:23.697Z | GET | /api/recruiter/jobs/12/applications | 304 | 4ms
2026-07-27T19:05:10.692Z | GET | /api/notifications | 304 | 7ms
2026-07-27T19:05:10.695Z | GET | /api/recruiter/jobs/12/applications | 304 | 9ms
2026-07-27T19:05:43.997Z | GET | /api/notifications | 304 | 4ms
2026-07-27T19:05:44.002Z | GET | /api/recruiter/jobs/12/applications | 304 | 7ms
2026-07-27T19:05:57.617Z | GET | /api/recruiter/jobs/12/applications | 304 | 6ms
2026-07-27T19:06:02.856Z | GET | /api/recruiter/jobs/12/applications | 304 | 5ms
2026-07-27T19:06:09.419Z | GET | /api/recruiter/jobs/12/applications | 304 | 3ms
2026-07-27T19:06:30.791Z | GET | /api/notifications | 304 | 10ms
2026-07-27T19:06:30.797Z | GET | /api/recruiter/jobs/12/applications | 304 | 11ms
2026-07-27T19:06:36.609Z | GET | /api/recruiter/jobs/12/applications | 304 | 7ms
2026-07-27T19:07:04.397Z | GET | /api/notifications | 304 | 5ms
2026-07-27T19:07:04.400Z | GET | /api/recruiter/jobs/12/applications | 304 | 11ms
2026-07-27T19:08:13.571Z | GET | /api/notifications | 304 | 6ms
2026-07-27T19:08:13.575Z | GET | /api/recruiter/jobs/12/applications | 304 | 8ms
2026-07-27T19:08:23.705Z | GET | /api/recruiter/jobs/12/applications | 304 | 6ms
2026-07-27T19:08:41.672Z | GET | /api/recruiter/jobs/12/applications | 304 | 4ms
2026-07-27T19:08:44.458Z | GET | /api/notifications | 304 | 4ms
2026-07-27T19:08:44.461Z | GET | /api/recruiter/jobs/12/applications | 304 | 5ms
2026-07-27T19:08:46.820Z | GET | /api/recruiter/jobs | 304 | 17ms
2026-07-27T19:08:46.827Z | GET | /api/analytics/recruiter | 304 | 21ms
2026-07-27T19:08:47.820Z | GET | /api/recruiter/jobs/11/applications | 304 | 7ms
2026-07-27T19:08:50.793Z | GET | /api/recruiter/jobs/11/applications | 304 | 4ms
2026-07-27T19:08:54.975Z | GET | /api/recruiter/jobs/11/applications | 304 | 3ms
2026-07-27T19:08:59.867Z | GET | /api/recruiter/jobs/11/applications | 304 | 3ms
2026-07-27T19:09:01.611Z | GET | /api/recruiter/jobs | 304 | 12ms
2026-07-27T19:09:01.614Z | GET | /api/analytics/recruiter | 304 | 6ms
2026-07-27T19:09:02.843Z | GET | /api/recruiter/jobs/12/applications | 304 | 2ms
2026-07-27T19:09:15.789Z | GET | /api/notifications | 304 | 5ms
2026-07-27T19:09:15.791Z | GET | /api/recruiter/jobs/12/applications | 304 | 4ms
2026-07-27T19:09:17.740Z | GET | /api/recruiter/jobs | 304 | 5ms
2026-07-27T19:09:17.743Z | GET | /api/analytics/recruiter | 304 | 6ms
2026-07-27T19:09:19.626Z | GET | /api/recruiter/jobs/14/applications | 304 | 2ms
2026-07-27T19:09:21.868Z | GET | /api/recruiter/jobs | 304 | 4ms
2026-07-27T19:09:21.870Z | GET | /api/analytics/recruiter | 304 | 5ms
2026-07-27T19:09:22.994Z | GET | /api/recruiter/jobs/15/applications | 304 | 7ms
2026-07-27T19:09:24.711Z | GET | /api/recruiter/jobs | 304 | 3ms
2026-07-27T19:09:24.713Z | GET | /api/analytics/recruiter | 304 | 4ms
2026-07-27T19:09:27.544Z | GET | /api/recruiter/jobs/12/applications | 304 | 6ms
2026-07-27T19:09:30.470Z | GET | /api/recruiter/jobs | 304 | 5ms
2026-07-27T19:09:30.471Z | GET | /api/analytics/recruiter | 304 | 5ms
2026-07-27T19:09:32.014Z | GET | /api/recruiter/jobs/13/applications | 304 | 5ms
2026-07-27T19:09:38.118Z | GET | /api/recruiter/jobs/13/applications | 304 | 11ms
2026-07-27T19:09:46.234Z | GET | /api/notifications | 304 | 4ms
2026-07-27T19:09:46.240Z | GET | /api/recruiter/jobs/13/applications | 304 | 8ms
2026-07-27T19:10:01.195Z | GET | /api/recruiter/jobs/13/applications | 304 | 5ms
2026-07-27T19:10:34.981Z | GET | /api/notifications | 304 | 8ms
2026-07-27T19:10:34.985Z | GET | /api/recruiter/jobs/13/applications | 304 | 8ms
2026-07-27T19:11:48.900Z | GET | /api/notifications | 304 | 7ms
2026-07-27T19:11:48.921Z | GET | /api/recruiter/jobs/13/applications | 304 | 26ms
2026-07-27T19:23:35.171Z | GET | /api/recruiter/jobs/13/applications | 401 | 4ms
2026-07-27T19:23:35.163Z | GET | /api/notifications | 401 | 51ms
2026-07-27T19:23:48.665Z | POST | /api/auth/login | 200 | 297ms
2026-07-27T19:23:48.745Z | GET | /api/notifications | 304 | 10ms
2026-07-27T19:23:51.229Z | GET | /api/auth/me | 304 | 6ms
2026-07-27T19:23:52.065Z | GET | /api/notifications | 304 | 7ms
2026-07-27T19:23:52.093Z | GET | /api/recruiter/jobs | 304 | 32ms
2026-07-27T19:23:52.102Z | GET | /api/analytics/recruiter | 304 | 35ms
2026-07-27T19:23:56.361Z | GET | /api/analytics/recruiter | 304 | 5ms
2026-07-27T19:23:56.363Z | GET | /api/recruiter/jobs | 304 | 8ms
2026-07-27T19:23:57.981Z | GET | /api/recruiter/jobs/12/applications | 304 | 11ms
2026-07-27T19:24:00.211Z | GET | /api/recruiter/jobs | 304 | 10ms
2026-07-27T19:24:00.214Z | GET | /api/analytics/recruiter | 304 | 8ms
2026-07-27T19:24:01.216Z | GET | /api/recruiter/jobs/11/applications | 304 | 14ms
2026-07-27T19:24:36.800Z | GET | /api/notifications | 304 | 4ms
2026-07-27T19:24:36.803Z | GET | /api/recruiter/jobs/11/applications | 304 | 5ms
2026-07-27T19:24:40.105Z | GET | /api/recruiter/jobs/11/applications | 304 | 3ms
2026-07-27T19:25:03.532Z | GET | /api/recruiter/jobs/11/applications | 304 | 14ms
2026-07-27T19:25:14.453Z | GET | /api/notifications | 304 | 3ms
2026-07-27T19:25:14.457Z | GET | /api/recruiter/jobs/11/applications | 304 | 6ms
2026-07-27T19:27:23.593Z | GET | /api/notifications | 304 | 11ms
2026-07-27T19:27:23.598Z | GET | /api/recruiter/jobs/11/applications | 304 | 11ms
2026-07-27T19:27:35.933Z | GET | /api/recruiter/jobs/11/applications | 304 | 3ms
2026-07-27T19:27:41.582Z | GET | /api/recruiter/jobs/11/applications | 304 | 3ms
2026-07-27T19:29:12.372Z | GET | /api/notifications | 304 | 12ms
2026-07-27T19:29:12.375Z | GET | /api/recruiter/jobs/11/applications | 304 | 9ms
2026-07-27T19:30:55.050Z | GET | /api/notifications | 304 | 3ms
2026-07-27T19:30:55.051Z | GET | /api/recruiter/jobs/11/applications | 304 | 5ms
2026-07-27T19:34:14.840Z | GET | /api/notifications | 304 | 8ms
2026-07-27T19:34:14.846Z | GET | /api/recruiter/jobs/11/applications | 304 | 10ms
2026-07-27T19:35:50.273Z | GET | /api/notifications | 304 | 7ms
2026-07-27T19:35:50.277Z | GET | /api/recruiter/jobs/11/applications | 304 | 8ms
2026-07-27T19:35:56.559Z | GET | /api/recruiter/jobs/11/applications | 304 | 3ms
2026-07-27T19:37:04.857Z | GET | /api/notifications | 304 | 6ms
2026-07-27T19:37:04.860Z | GET | /api/recruiter/jobs/11/applications | 304 | 6ms
2026-07-27T19:38:13.870Z | GET | /api/notifications | 304 | 10ms
2026-07-27T19:38:13.874Z | GET | /api/recruiter/jobs/11/applications | 304 | 7ms
2026-07-27T19:45:57.783Z | GET | /api/notifications | 401 | 3ms
2026-07-27T19:45:57.788Z | GET | /api/recruiter/jobs/11/applications | 401 | 3ms
2026-07-27T19:48:00.410Z | POST | /api/auth/login | 200 | 185ms
2026-07-27T19:48:00.478Z | GET | /api/notifications | 304 | 6ms
2026-07-27T19:48:06.872Z | GET | /api/auth/me | 304 | 3ms
2026-07-27T19:48:08.205Z | GET | /api/notifications | 304 | 3ms
2026-07-27T19:48:08.213Z | GET | /api/recruiter/jobs | 304 | 9ms
2026-07-27T19:48:08.217Z | GET | /api/analytics/recruiter | 304 | 10ms
2026-07-27T19:48:10.983Z | GET | /api/recruiter/jobs/11/applications | 304 | 8ms
2026-07-27T19:48:18.305Z | GET | /api/recruiter/jobs/11/applications | 304 | 4ms
2026-07-27T19:48:37.652Z | GET | /api/recruiter/jobs/11/applications | 304 | 3ms
2026-07-27T19:48:53.564Z | GET | /api/notifications | 304 | 6ms
2026-07-27T19:48:53.568Z | GET | /api/recruiter/jobs/11/applications | 304 | 7ms
2026-07-27T19:50:13.333Z | GET | /api/notifications | 304 | 8ms
2026-07-27T19:50:13.336Z | GET | /api/recruiter/jobs/11/applications | 304 | 8ms
2026-07-27T19:50:34.213Z | GET | /api/recruiter/jobs/11/applications | 304 | 7ms
2026-07-27T19:50:37.270Z | GET | /api/recruiter/jobs/11/applications | 304 | 7ms
2026-07-27T19:51:20.102Z | GET | /api/notifications | 304 | 6ms
2026-07-27T19:51:20.104Z | GET | /api/recruiter/jobs/11/applications | 304 | 6ms
2026-07-27T20:07:36.606Z | GET | /api/recruiter/jobs/11/applications | 401 | 5ms
2026-10-01T05:50:36.605Z | GET | /api/auth/me | 401 | 43ms
2026-10-01T05:50:51.133Z | POST | /api/auth/login | 200 | 396ms
2026-10-01T05:50:51.528Z | GET | /api/notifications | 200 | 20ms
2026-10-01T05:50:59.438Z | POST | /api/auth/logout | 200 | 17ms
2026-10-01T05:51:14.222Z | POST | /api/auth/login | 401 | 12ms
2026-10-01T05:51:32.304Z | POST | /api/auth/login | 401 | 150ms
2026-10-01T05:52:04.952Z | POST | /api/auth/login | 401 | 12ms
2026-10-01T05:52:10.271Z | POST | /api/auth/login | 401 | 14ms
2026-10-01T05:52:25.826Z | POST | /api/auth/login | 200 | 178ms
2026-10-01T05:52:25.897Z | GET | /api/notifications | 304 | 7ms
2026-10-01T05:52:39.020Z | GET | /api/users?page=1&limit=10 | 200 | 21ms
2026-10-01T05:52:45.853Z | GET | /api/analytics/platform | 200 | 62ms
2026-10-01T05:52:46.995Z | GET | /api/jobs?page=1&limit=10 | 200 | 237ms
2026-10-01T05:52:47.270Z | GET | /api/users?page=1&limit=10 | 304 | 13ms
2026-10-01T05:52:55.936Z | GET | /api/users?page=2&limit=10 | 200 | 8ms
2026-10-01T05:53:16.442Z | GET | /api/jobs?page=1&limit=10 | 304 | 3ms
2026-10-01T05:55:45.189Z | GET | /api/notifications | 304 | 5ms
2026-10-01T05:55:45.192Z | GET | /api/analytics/platform | 304 | 6ms
2026-10-01T05:56:28.281Z | GET | /api/notifications | 304 | 9ms
2026-10-01T06:02:31.353Z | GET | /api/notifications | 304 | 35ms
2026-10-01T06:02:31.408Z | GET | /api/analytics/platform | 304 | 71ms
2026-10-01T06:47:37.373Z | GET | /api/notifications | 401 | 33ms
2026-10-01T06:47:37.385Z | GET | /api/analytics/platform | 401 | 4ms
2026-10-01T07:22:00.738Z | GET | /api/auth/me | 401 | 60ms
2026-10-01T12:59:02.722Z | GET | /api/auth/me | 401 | 35ms
2026-10-01T12:59:04.641Z | GET | /api/auth/me | 401 | 4ms
2026-10-03T05:34:07.327Z | GET | /api/auth/me | 401 | 33ms
2026-10-03T05:34:48.023Z | POST | /api/auth/login | 200 | 529ms
2026-10-03T05:34:48.408Z | GET | /api/notifications | 304 | 26ms
2026-10-03T05:35:02.259Z | GET | /api/jobs?page=1&limit=10 | 304 | 709ms
2026-10-03T05:35:03.396Z | GET | /api/jobs/1 | 200 | 25ms
2026-10-03T05:35:03.447Z | GET | /api/assessments/by-job/1 | 200 | 58ms
2026-10-03T05:35:06.135Z | GET | /api/assessments/1 | 200 | 34ms
2026-10-03T05:35:26.873Z | GET | /api/assessments/1 | 304 | 10ms
2026-10-03T05:35:29.613Z | GET | /api/assessments/1 | 304 | 5ms
2026-10-03T05:35:38.850Z | GET | /api/assessments/1 | 304 | 3ms
2026-10-03T05:35:41.280Z | GET | /api/assessments/1 | 304 | 4ms
2026-10-03T05:35:48.159Z | GET | /api/assessments/1 | 304 | 4ms
2026-10-03T05:35:50.042Z | GET | /api/auth/me | 200 | 11ms
2026-10-03T05:35:57.972Z | GET | /api/auth/me | 304 | 13ms
2026-10-03T05:36:00.341Z | GET | /api/assessments/1 | 304 | 6ms
2026-10-03T05:36:01.364Z | GET | /api/jobs/1 | 304 | 4ms
2026-10-03T05:36:01.373Z | GET | /api/assessments/by-job/1 | 304 | 11ms
2026-10-03T05:36:02.436Z | GET | /api/jobs?page=1&limit=10 | 304 | 9ms
2026-10-03T05:36:07.190Z | GET | /api/jobs/8 | 200 | 4ms
2026-10-03T05:36:07.193Z | GET | /api/assessments/by-job/8 | 200 | 6ms
2026-10-03T05:36:10.906Z | GET | /api/jobs/5 | 200 | 6ms
2026-10-03T05:36:10.909Z | GET | /api/assessments/by-job/5 | 200 | 7ms
2026-10-03T05:36:13.431Z | GET | /api/jobs/7 | 200 | 4ms
2026-10-03T05:36:13.439Z | GET | /api/assessments/by-job/7 | 200 | 4ms
2026-10-03T05:36:29.056Z | GET | /api/jobs?page=2&limit=10 | 200 | 5ms
2026-10-03T05:36:29.712Z | GET | /api/jobs/15 | 200 | 9ms
2026-10-03T05:36:29.714Z | GET | /api/assessments/by-job/15 | 200 | 9ms
2026-10-03T05:36:34.698Z | GET | /api/jobs/13 | 200 | 5ms
2026-10-03T05:36:34.702Z | GET | /api/assessments/by-job/13 | 200 | 8ms
2026-10-03T05:36:37.161Z | GET | /api/jobs?page=1&limit=10 | 304 | 5ms
2026-10-03T05:36:40.883Z | GET | /api/jobs/11 | 200 | 18ms
2026-10-03T05:36:40.889Z | GET | /api/assessments/by-job/11 | 200 | 23ms
2026-10-03T05:36:48.052Z | GET | /api/assessments/by-job/9 | 200 | 5ms
2026-10-03T05:36:48.054Z | GET | /api/jobs/9 | 200 | 6ms
2026-10-03T05:38:28.909Z | GET | /api/jobs/9 | 304 | 3ms
2026-10-03T05:46:43.155Z | GET | /api/assessments/by-job/9 | 304 | 8ms
2026-10-03T05:46:43.156Z | GET | /api/jobs/9 | 304 | 6ms
2026-10-03T05:47:48.608Z | GET | /api/jobs/9 | 304 | 3ms
2026-10-03T05:47:51.771Z | GET | /api/jobs?page=1&limit=10 | 304 | 8ms
2026-10-03T05:47:54.274Z | GET | /api/jobs/7 | 304 | 6ms
2026-10-03T05:47:54.280Z | GET | /api/assessments/by-job/7 | 304 | 9ms
2026-10-03T05:47:57.448Z | GET | /api/jobs/6 | 200 | 5ms
2026-10-03T05:47:57.450Z | GET | /api/assessments/by-job/6 | 200 | 6ms
2026-10-03T05:48:00.118Z | GET | /api/jobs/1 | 304 | 6ms
2026-10-03T05:48:00.120Z | GET | /api/assessments/by-job/1 | 304 | 6ms
2026-10-03T05:48:10.730Z | GET | /api/auth/me | 304 | 7ms
2026-10-03T05:52:52.259Z | GET | /api/auth/me | 401 | 16ms
2026-10-03T05:53:11.594Z | POST | /api/auth/login | 200 | 220ms
2026-10-03T05:53:11.965Z | GET | /api/notifications | 304 | 11ms
2026-10-03T05:53:13.354Z | GET | /api/jobs?page=1&limit=10 | 304 | 7ms
2026-10-03T05:53:17.398Z | GET | /api/jobs/1 | 304 | 5ms
2026-10-03T05:53:17.401Z | GET | /api/assessments/by-job/1 | 304 | 6ms
2026-10-03T05:54:06.948Z | GET | /api/assessments/1 | 304 | 10ms
2026-10-03T05:54:09.947Z | GET | /api/assessments/1 | 304 | 5ms
2026-10-03T05:54:13.218Z | GET | /api/assessments/1 | 304 | 4ms
2026-10-03T05:54:19.305Z | GET | /api/assessments/1 | 304 | 4ms
2026-10-03T05:54:25.151Z | GET | /api/assessments/1 | 304 | 3ms
2026-10-03T05:55:29.226Z | GET | /api/assessments/1 | 304 | 3ms
2026-10-03T05:55:30.102Z | GET | /api/jobs/1 | 304 | 5ms
2026-10-03T05:55:36.153Z | GET | /api/jobs?page=1&limit=10 | 304 | 7ms
2026-10-03T05:55:48.319Z | GET | /api/assessments/1 | 304 | 5ms
2026-10-03T06:04:51.961Z | GET | /api/auth/me | 304 | 22ms
2026-10-03T06:04:53.063Z | GET | /api/assessments/1 | 304 | 8ms
2026-10-03T06:08:52.462Z | GET | /api/assessments/1 | 401 | 13ms
2026-10-03T06:08:59.544Z | POST | /api/auth/login | 200 | 226ms
2026-10-03T06:08:59.881Z | GET | /api/notifications | 304 | 16ms
2026-10-03T06:09:32.019Z | GET | /api/assessments | 404 | 11ms
2026-10-03T06:09:34.596Z | GET | /api/notifications | 304 | 4ms
2026-10-03T06:09:36.618Z | GET | /api/jobs?page=1&limit=10 | 304 | 7ms
2026-10-03T06:09:37.474Z | GET | /api/jobs/1 | 304 | 8ms
2026-10-03T06:09:37.476Z | GET | /api/assessments/by-job/1 | 304 | 6ms
2026-10-03T06:09:40.020Z | GET | /api/assessments/1 | 304 | 7ms
2026-10-03T06:11:10.695Z | GET | /api/notifications | 304 | 5ms
2026-10-03T06:11:49.795Z | GET | /api/notifications | 304 | 4ms
2026-10-03T06:11:51.127Z | GET | /api/recruiter/jobs | 200 | 25ms
2026-10-03T06:11:51.129Z | GET | /api/analytics/recruiter | 200 | 19ms
2026-10-03T06:12:00.303Z | GET | /api/recruiter/jobs/1/applications | 200 | 9ms
2026-10-03T06:12:02.499Z | GET | /api/recruiter/jobs | 304 | 4ms
2026-10-03T06:12:02.503Z | GET | /api/analytics/recruiter | 304 | 6ms
2026-10-03T06:12:03.486Z | GET | /api/recruiter/jobs/2/applications | 200 | 6ms
2026-10-03T06:12:04.569Z | GET | /api/analytics/recruiter | 304 | 8ms
2026-10-03T06:12:04.568Z | GET | /api/recruiter/jobs | 304 | 10ms
2026-10-03T06:12:05.611Z | GET | /api/recruiter/jobs/3/applications | 200 | 6ms
2026-10-03T06:12:10.880Z | GET | /api/recruiter/jobs | 304 | 15ms
2026-10-03T06:12:10.889Z | GET | /api/analytics/recruiter | 304 | 13ms
2026-10-03T06:12:17.186Z | GET | /api/recruiter/jobs/3/applications | 304 | 5ms
2026-10-03T06:12:18.715Z | PATCH | /api/recruiter/applications/2/status | 200 | 27ms
2026-10-03T06:12:18.729Z | GET | /api/recruiter/jobs/3/applications | 200 | 6ms
2026-10-03T06:12:28.544Z | POST | /api/auth/logout | 200 | 8ms
2026-10-03T06:12:37.098Z | POST | /api/auth/login | 401 | 136ms
2026-10-03T06:12:43.732Z | POST | /api/auth/login | 401 | 130ms
2026-10-03T06:12:56.451Z | POST | /api/auth/login | 401 | 134ms
2026-10-03T06:13:23.136Z | POST | /api/auth/login | 200 | 138ms
2026-10-03T06:13:23.173Z | GET | /api/notifications | 304 | 4ms
2026-10-03T06:13:31.774Z | GET | /api/recruiter/jobs | 304 | 5ms
2026-10-03T06:13:31.776Z | GET | /api/analytics/recruiter | 304 | 5ms
2026-10-03T06:13:35.372Z | GET | /api/analytics/recruiter | 304 | 13ms
2026-10-03T06:13:35.385Z | GET | /api/analytics/recruiter/applications | 200 | 25ms
2026-10-03T06:13:45.012Z | GET | /api/recruiter/jobs | 304 | 10ms
2026-10-03T06:13:45.020Z | GET | /api/analytics/recruiter | 304 | 12ms
2026-10-03T06:13:54.763Z | GET | /api/notifications | 304 | 8ms
2026-10-03T06:13:54.766Z | GET | /api/recruiter/jobs | 304 | 8ms
2026-10-03T06:13:54.768Z | GET | /api/analytics/recruiter | 304 | 4ms
2026-10-03T06:14:38.661Z | GET | /api/notifications | 304 | 8ms
2026-10-03T06:14:38.663Z | GET | /api/analytics/recruiter | 304 | 6ms
2026-10-03T06:14:38.674Z | GET | /api/recruiter/jobs | 304 | 14ms
2026-10-03T06:14:50.851Z | GET | /api/jobs?page=1&limit=10 | 304 | 7ms
2026-10-03T06:14:54.586Z | GET | /api/jobs?page=2&limit=10 | 304 | 6ms
2026-10-03T06:14:58.589Z | GET | /api/recruiter/jobs | 304 | 9ms
2026-10-03T06:14:58.593Z | GET | /api/analytics/recruiter | 304 | 10ms
2026-10-03T06:15:05.284Z | GET | /api/analytics/recruiter | 304 | 6ms
2026-10-03T06:15:05.284Z | GET | /api/analytics/recruiter/applications | 304 | 4ms
2026-10-03T06:15:20.779Z | GET | /api/notifications | 304 | 7ms
2026-10-03T06:15:20.804Z | GET | /api/recruiter/jobs | 304 | 6ms
2026-10-03T06:15:20.814Z | GET | /api/analytics/recruiter | 304 | 8ms
2026-10-03T06:15:22.995Z | GET | /api/recruiter/jobs/3/applications | 304 | 4ms
2026-10-03T06:15:24.742Z | PATCH | /api/recruiter/applications/2/status | 200 | 11ms
2026-10-03T06:15:24.755Z | GET | /api/recruiter/jobs/3/applications | 200 | 5ms
2026-10-03T06:15:36.788Z | PATCH | /api/recruiter/applications/2/status | 200 | 18ms
2026-10-03T06:15:36.803Z | GET | /api/recruiter/jobs/3/applications | 200 | 5ms
2026-10-03T06:15:41.088Z | GET | /api/recruiter/jobs | 304 | 7ms
2026-10-03T06:15:41.091Z | GET | /api/analytics/recruiter | 304 | 8ms
2026-10-03T06:15:43.146Z | GET | /api/recruiter/jobs/3/applications | 304 | 6ms
2026-10-03T06:15:45.424Z | GET | /api/recruiter/jobs/3/applications | 304 | 4ms
2026-10-03T06:16:03.029Z | GET | /api/notifications | 304 | 8ms
2026-10-03T06:16:03.034Z | GET | /api/recruiter/jobs/3/applications | 304 | 9ms
2026-10-03T06:16:07.004Z | POST | /api/auth/logout | 200 | 25ms
2026-10-03T06:16:15.342Z | POST | /api/auth/login | 200 | 156ms
2026-10-03T06:16:20.255Z | PATCH | /api/notifications/6/read | 200 | 8ms
2026-10-03T06:16:20.270Z | GET | /api/notifications | 200 | 5ms
2026-10-03T06:16:22.377Z | PATCH | /api/notifications/5/read | 200 | 13ms
2026-10-03T06:16:22.392Z | GET | /api/notifications | 200 | 7ms
2026-10-03T06:16:29.435Z | PATCH | /api/notifications/4/read | 200 | 6ms
2026-10-03T06:16:29.448Z | GET | /api/notifications | 200 | 4ms
2026-10-03T06:16:34.124Z | POST | /api/auth/logout | 200 | 41ms
2026-10-03T06:16:41.312Z | POST | /api/auth/login | 200 | 136ms
2026-10-03T06:16:44.650Z | GET | /api/analytics/recruiter | 304 | 7ms
2026-10-03T06:16:44.650Z | GET | /api/analytics/recruiter/applications | 304 | 4ms
2026-10-03T06:17:21.307Z | GET | /api/notifications | 200 | 5ms
2026-10-03T06:24:28.863Z | GET | /api/notifications | 304 | 25ms
2026-10-03T06:24:31.519Z | GET | /api/analytics/recruiter | 304 | 17ms
2026-10-03T06:24:31.521Z | GET | /api/analytics/recruiter/applications | 200 | 16ms
2026-10-03T06:24:33.299Z | GET | /api/recruiter/jobs | 304 | 4ms
2026-10-03T06:24:33.300Z | GET | /api/analytics/recruiter | 304 | 3ms
2026-10-03T06:24:36.920Z | GET | /api/recruiter/jobs | 304 | 3ms
2026-10-03T06:24:38.594Z | GET | /api/recruiter/jobs | 304 | 6ms
2026-10-03T06:24:38.596Z | GET | /api/analytics/recruiter | 304 | 6ms
2026-10-03T06:24:42.543Z | GET | /api/recruiter/jobs | 304 | 4ms
2026-10-03T06:24:46.681Z | GET | /api/recruiter/jobs | 304 | 15ms
2026-10-03T06:24:46.683Z | GET | /api/analytics/recruiter | 304 | 7ms
2026-10-03T06:24:49.381Z | GET | /api/recruiter/jobs | 304 | 4ms
2026-10-03T06:25:04.052Z | GET | /api/notifications | 304 | 25ms
2026-10-03T06:25:04.055Z | GET | /api/analytics/recruiter | 304 | 25ms
2026-10-03T06:25:04.140Z | GET | /api/recruiter/jobs | 304 | 106ms
2026-10-03T06:25:05.820Z | GET | /api/recruiter/jobs | 304 | 8ms
2026-10-03T06:25:11.794Z | GET | /api/recruiter/jobs | 304 | 5ms
2026-10-03T06:25:11.796Z | GET | /api/analytics/recruiter | 304 | 5ms
2026-10-03T06:25:13.052Z | GET | /api/recruiter/jobs | 304 | 3ms
2026-10-03T06:25:16.245Z | GET | /api/recruiter/jobs | 304 | 7ms
2026-10-03T06:25:16.253Z | GET | /api/analytics/recruiter | 304 | 6ms
2026-10-03T06:25:27.854Z | GET | /api/analytics/recruiter | 304 | 6ms
2026-10-03T06:25:27.858Z | GET | /api/recruiter/jobs | 304 | 8ms
2026-10-03T06:36:41.147Z | GET | /api/auth/me | 401 | 37ms
2026-10-03T06:48:49.458Z | GET | /api/auth/me | 401 | 37ms
2026-10-03T06:50:02.040Z | POST | /api/auth/login | 200 | 240ms
2026-10-03T06:50:02.392Z | GET | /api/notifications | 304 | 13ms
2026-10-03T06:50:03.857Z | GET | /api/recruiter/jobs | 304 | 10ms
2026-10-03T06:50:03.867Z | GET | /api/analytics/recruiter | 304 | 23ms
2026-10-03T06:50:08.203Z | GET | /api/recruiter/jobs | 304 | 8ms
2026-10-03T06:50:08.206Z | GET | /api/assessments/by-job/1 | 304 | 9ms
2026-10-03T06:50:08.228Z | GET | /api/assessments/1 | 304 | 11ms
2026-10-03T06:51:37.280Z | GET | /api/recruiter/jobs | 304 | 8ms
2026-10-03T06:51:37.284Z | GET | /api/assessments/1 | 304 | 8ms
2026-10-03T06:51:42.535Z | GET | /api/recruiter/jobs | 304 | 8ms
2026-10-03T06:51:42.537Z | GET | /api/assessments/1 | 304 | 7ms
2026-10-03T06:51:49.436Z | GET | /api/recruiter/jobs | 304 | 4ms
2026-10-03T06:51:49.438Z | GET | /api/assessments/1 | 304 | 5ms
2026-10-03T06:51:54.673Z | GET | /api/recruiter/jobs | 304 | 4ms
2026-10-03T06:51:54.676Z | GET | /api/assessments/1 | 304 | 5ms
2026-10-03T06:52:01.072Z | GET | /api/recruiter/jobs | 304 | 3ms
2026-10-03T06:52:01.074Z | GET | /api/assessments/1 | 304 | 4ms
2026-10-03T06:52:04.869Z | PUT | /api/assessments/1 | 200 | 47ms
2026-10-03T06:52:04.909Z | GET | /api/notifications | 304 | 7ms
2026-10-03T06:52:04.911Z | GET | /api/recruiter/jobs | 304 | 6ms
2026-10-03T06:52:04.912Z | GET | /api/analytics/recruiter | 304 | 5ms
2026-10-03T06:52:06.993Z | GET | /api/auth/me | 304 | 5ms
2026-10-03T06:52:07.610Z | GET | /api/notifications | 304 | 5ms
2026-10-03T06:52:07.611Z | GET | /api/recruiter/jobs | 304 | 4ms
2026-10-03T06:52:07.616Z | GET | /api/analytics/recruiter | 304 | 8ms
2026-10-03T06:52:09.282Z | GET | /api/jobs?page=1&limit=10 | 304 | 9ms
2026-10-03T06:52:10.051Z | GET | /api/jobs/1 | 304 | 4ms
2026-10-03T06:52:10.052Z | GET | /api/assessments/by-job/1 | 200 | 4ms
2026-10-03T06:52:11.234Z | GET | /api/assessments/1 | 200 | 4ms
2026-10-03T07:10:37.618Z | GET | /api/auth/me | 401 | 39ms
2026-10-03T07:22:12.935Z | GET | /api/auth/me | 401 | 7ms
2026-10-03T07:22:36.060Z | POST | /api/auth/login | 200 | 280ms
2026-10-03T07:22:36.431Z | GET | /api/notifications | 304 | 8ms
2026-10-03T07:40:08.792Z | GET | /api/notifications | 401 | 19ms
2026-10-03T07:40:09.230Z | GET | /api/auth/me | 401 | 2ms
2026-10-03T07:40:23.549Z | POST | /api/auth/login | 401 | 142ms
2026-10-03T07:40:39.558Z | POST | /api/auth/login | 200 | 144ms
2026-10-03T07:40:39.883Z | GET | /api/notifications | 304 | 3ms
2026-10-03T07:42:03.894Z | GET | /api/notifications | 304 | 3ms
2026-10-03T07:54:57.874Z | GET | /api/auth/me | 304 | 3ms
2026-10-03T07:54:58.921Z | GET | /api/notifications | 304 | 3ms
2026-10-03T07:56:42.634Z | GET | /api/notifications | 401 | 2ms
2026-10-03T07:58:00.325Z | POST | /api/auth/login | 200 | 161ms
2026-10-03T07:58:00.388Z | GET | /api/notifications | 304 | 7ms
2026-10-03T07:58:04.277Z | GET | /api/recruiter/jobs | 304 | 33ms
2026-10-03T07:58:04.289Z | GET | /api/recruiter/assessments | 200 | 40ms
2026-10-03T07:58:04.292Z | GET | /api/analytics/recruiter | 304 | 30ms
2026-10-03T07:58:05.618Z | GET | /api/recruiter/jobs | 304 | 7ms
2026-10-03T07:58:05.621Z | GET | /api/assessments/by-job/2 | 200 | 9ms
2026-10-03T07:58:05.646Z | GET | /api/assessments/2 | 200 | 7ms
2026-10-03T07:58:06.888Z | GET | /api/recruiter/jobs | 304 | 7ms
2026-10-03T07:58:06.891Z | GET | /api/analytics/recruiter | 304 | 8ms
2026-10-03T07:58:06.895Z | GET | /api/recruiter/assessments | 304 | 10ms
2026-10-03T07:58:07.878Z | GET | /api/recruiter/jobs | 304 | 6ms
2026-10-03T07:58:07.880Z | GET | /api/assessments/by-job/1 | 304 | 6ms
2026-10-03T07:58:07.903Z | GET | /api/assessments/1 | 304 | 6ms
2026-10-03T07:59:13.538Z | GET | /api/recruiter/jobs | 304 | 6ms
2026-10-03T07:59:13.540Z | GET | /api/assessments/1 | 304 | 6ms
2026-10-03T07:59:48.726Z | GET | /api/recruiter/jobs | 304 | 6ms
2026-10-03T07:59:48.727Z | GET | /api/assessments/1 | 304 | 5ms
2026-10-03T08:05:13.369Z | GET | /api/recruiter/jobs | 304 | 9ms
2026-10-03T08:05:13.375Z | GET | /api/assessments/1 | 304 | 10ms
2026-10-03T08:05:29.744Z | GET | /api/recruiter/jobs | 304 | 3ms
2026-10-03T08:05:29.746Z | GET | /api/assessments/1 | 304 | 4ms
2026-10-03T08:06:18.373Z | GET | /api/recruiter/jobs | 304 | 4ms
2026-10-03T08:06:18.375Z | GET | /api/assessments/1 | 304 | 4ms
2026-10-03T08:06:25.003Z | GET | /api/recruiter/jobs | 304 | 7ms
2026-10-03T08:06:25.005Z | GET | /api/assessments/1 | 304 | 6ms
2026-10-03T08:06:31.564Z | GET | /api/recruiter/jobs | 304 | 5ms
2026-10-03T08:06:31.568Z | GET | /api/assessments/1 | 304 | 7ms
2026-10-03T08:06:32.453Z | GET | /api/notifications | 304 | 6ms
2026-10-03T08:06:32.468Z | GET | /api/recruiter/assessments | 304 | 11ms
2026-10-03T08:06:32.470Z | GET | /api/recruiter/jobs | 304 | 10ms
2026-10-03T08:06:32.479Z | GET | /api/analytics/recruiter | 304 | 18ms
2026-10-03T08:06:37.194Z | GET | /api/recruiter/jobs | 304 | 2ms
2026-10-03T08:06:37.201Z | GET | /api/assessments/by-job/1 | 304 | 5ms
2026-10-03T08:06:37.204Z | GET | /api/assessments/1 | 304 | 5ms
2026-10-03T08:06:38.165Z | GET | /api/recruiter/jobs | 304 | 5ms
2026-10-03T08:06:38.171Z | GET | /api/analytics/recruiter | 304 | 5ms
2026-10-03T08:06:38.178Z | GET | /api/recruiter/assessments | 304 | 10ms
2026-10-03T08:06:39.211Z | GET | /api/recruiter/jobs | 304 | 4ms
2026-10-03T08:06:39.212Z | GET | /api/assessments/by-job/5 | 304 | 3ms
2026-10-03T08:06:40.753Z | GET | /api/analytics/recruiter | 304 | 11ms
2026-10-03T08:06:40.754Z | GET | /api/recruiter/jobs | 304 | 9ms
2026-10-03T08:06:40.756Z | GET | /api/recruiter/assessments | 304 | 4ms
2026-10-03T08:06:42.590Z | GET | /api/recruiter/jobs | 304 | 3ms
2026-10-03T08:06:42.592Z | GET | /api/assessments/by-job/8 | 304 | 4ms
2026-10-03T08:06:43.896Z | GET | /api/recruiter/jobs | 304 | 10ms
2026-10-03T08:06:43.898Z | GET | /api/recruiter/assessments | 304 | 9ms
2026-10-03T08:06:43.902Z | GET | /api/analytics/recruiter | 304 | 11ms
2026-10-03T08:06:48.783Z | GET | /api/assessments/by-job/3 | 200 | 3ms
2026-10-03T08:06:48.784Z | GET | /api/recruiter/jobs | 304 | 3ms
2026-10-03T08:06:48.813Z | GET | /api/assessments/3 | 200 | 8ms
2026-10-03T08:06:50.671Z | GET | /api/recruiter/jobs | 304 | 3ms
2026-10-03T08:06:50.673Z | GET | /api/assessments/3 | 304 | 4ms
2026-10-03T08:06:58.401Z | GET | /api/recruiter/jobs | 304 | 7ms
2026-10-03T08:06:58.402Z | GET | /api/analytics/recruiter | 304 | 5ms
2026-10-03T08:06:58.407Z | GET | /api/recruiter/assessments | 304 | 9ms
2026-10-03T08:06:59.487Z | GET | /api/jobs?page=1&limit=10 | 304 | 8ms
2026-10-03T08:07:02.459Z | GET | /api/assessments/by-job/3 | 304 | 4ms
2026-10-03T08:07:02.461Z | GET | /api/jobs/3 | 200 | 4ms
2026-10-03T08:07:07.946Z | GET | /api/notifications | 304 | 32ms
2026-10-03T08:07:07.988Z | GET | /api/recruiter/jobs | 304 | 67ms
2026-10-03T08:07:07.992Z | GET | /api/analytics/recruiter | 304 | 68ms
2026-10-03T08:07:08.099Z | GET | /api/recruiter/assessments | 304 | 174ms
2026-10-03T08:07:09.517Z | GET | /api/assessments/by-job/3 | 304 | 21ms
2026-10-03T08:07:09.518Z | GET | /api/recruiter/jobs | 304 | 5ms
2026-10-03T08:07:09.521Z | GET | /api/assessments/3 | 304 | 6ms
2026-10-03T08:07:18.279Z | GET | /api/recruiter/jobs | 304 | 6ms
2026-10-03T08:07:18.281Z | GET | /api/analytics/recruiter | 304 | 5ms
2026-10-03T08:07:18.290Z | GET | /api/recruiter/assessments | 304 | 8ms
2026-10-03T08:07:19.631Z | GET | /api/recruiter/jobs | 304 | 4ms
2026-10-03T08:07:19.632Z | GET | /api/assessments/by-job/5 | 304 | 3ms
2026-10-03T08:07:25.656Z | GET | /api/recruiter/jobs | 304 | 4ms
2026-10-03T08:07:25.686Z | GET | /api/analytics/recruiter | 304 | 13ms
2026-10-03T08:07:25.688Z | GET | /api/recruiter/assessments | 304 | 7ms
2026-10-03T08:07:44.974Z | GET | /api/notifications | 304 | 5ms
2026-10-03T08:07:45.008Z | GET | /api/recruiter/jobs | 304 | 13ms
2026-10-03T08:07:45.012Z | GET | /api/analytics/recruiter | 304 | 14ms
2026-10-03T08:07:45.019Z | GET | /api/recruiter/assessments | 304 | 18ms
2026-10-03T08:07:49.774Z | GET | /api/recruiter/jobs | 304 | 5ms
2026-10-03T08:07:49.776Z | GET | /api/assessments/by-job/8 | 304 | 6ms
2026-10-03T08:07:51.582Z | GET | /api/recruiter/jobs | 304 | 6ms
2026-10-03T08:07:51.595Z | GET | /api/recruiter/assessments | 304 | 10ms
2026-10-03T08:07:51.599Z | GET | /api/analytics/recruiter | 304 | 11ms
2026-10-03T08:07:52.404Z | GET | /api/recruiter/jobs/7/applications | 200 | 6ms
2026-10-03T08:07:53.581Z | GET | /api/recruiter/jobs | 304 | 5ms
2026-10-03T08:07:53.588Z | GET | /api/analytics/recruiter | 304 | 6ms
2026-10-03T08:07:53.598Z | GET | /api/recruiter/assessments | 304 | 9ms
2026-10-03T08:07:54.306Z | GET | /api/recruiter/jobs | 304 | 7ms
2026-10-03T08:07:54.308Z | GET | /api/assessments/by-job/7 | 304 | 6ms
2026-10-03T08:07:55.319Z | GET | /api/recruiter/jobs | 304 | 7ms
2026-10-03T08:07:55.321Z | GET | /api/analytics/recruiter | 304 | 6ms
2026-10-03T08:07:55.328Z | GET | /api/recruiter/assessments | 304 | 10ms
2026-10-03T08:07:58.255Z | GET | /api/recruiter/jobs | 304 | 4ms
2026-10-03T08:07:58.257Z | GET | /api/assessments/by-job/8 | 304 | 4ms
2026-10-03T08:08:12.376Z | GET | /api/recruiter/jobs | 304 | 7ms
2026-10-03T08:08:12.405Z | GET | /api/analytics/recruiter | 304 | 12ms
2026-10-03T08:08:12.408Z | GET | /api/recruiter/assessments | 304 | 12ms
2026-10-03T08:08:13.576Z | GET | /api/recruiter/jobs | 304 | 6ms
2026-10-03T08:08:13.579Z | GET | /api/assessments/by-job/1 | 304 | 7ms
2026-10-03T08:08:13.586Z | GET | /api/assessments/1 | 304 | 5ms
2026-10-03T08:10:02.230Z | GET | /api/recruiter/jobs | 304 | 5ms
2026-10-03T08:10:02.232Z | GET | /api/assessments/1 | 304 | 5ms
2026-10-03T08:10:09.712Z | GET | /api/recruiter/jobs | 304 | 5ms
2026-10-03T08:10:09.715Z | GET | /api/assessments/1 | 304 | 2ms
2026-10-03T08:17:58.436Z | GET | /api/recruiter/jobs | 401 | 2ms
2026-10-03T08:17:58.439Z | GET | /api/assessments/1 | 401 | 1ms
2026-10-03T08:18:06.830Z | POST | /api/auth/login | 200 | 156ms
2026-10-03T08:18:06.875Z | GET | /api/notifications | 304 | 4ms
2026-10-03T08:18:13.499Z | GET | /api/recruiter/jobs | 304 | 5ms
2026-10-03T08:18:13.501Z | GET | /api/recruiter/assessments | 304 | 4ms
2026-10-03T08:18:13.503Z | GET | /api/analytics/recruiter | 304 | 11ms
2026-10-03T08:18:14.982Z | GET | /api/assessments/by-job/2 | 304 | 3ms
2026-10-03T08:18:14.984Z | GET | /api/recruiter/jobs | 304 | 4ms
2026-10-03T08:18:14.995Z | GET | /api/assessments/2 | 304 | 3ms
2026-10-03T08:18:27.350Z | GET | /api/recruiter/jobs | 304 | 7ms
2026-10-03T08:18:27.352Z | GET | /api/assessments/2 | 304 | 6ms
2026-10-03T08:18:31.610Z | GET | /api/assessments/2 | 304 | 9ms
2026-10-03T08:18:31.611Z | GET | /api/recruiter/jobs | 304 | 4ms
2026-10-03T08:18:33.258Z | GET | /api/assessments/2 | 304 | 7ms
2026-10-03T08:18:33.261Z | GET | /api/recruiter/jobs | 304 | 7ms
2026-10-03T08:18:36.620Z | GET | /api/recruiter/jobs | 304 | 4ms
2026-10-03T08:18:36.621Z | GET | /api/assessments/2 | 304 | 4ms
2026-10-03T08:34:14.616Z | GET | /api/auth/me | 401 | 2ms
2026-10-03T08:47:22.356Z | POST | /api/auth/login | 200 | 429ms
2026-10-03T08:47:22.834Z | GET | /api/notifications | 304 | 21ms
2026-10-03T08:47:26.125Z | GET | /api/recruiter/jobs | 304 | 29ms
2026-10-03T08:47:26.144Z | GET | /api/recruiter/assessments | 304 | 34ms
2026-10-03T08:47:26.157Z | GET | /api/analytics/recruiter | 304 | 53ms
2026-10-03T08:47:27.984Z | GET | /api/recruiter/jobs | 304 | 14ms
2026-10-03T08:47:27.989Z | GET | /api/assessments/by-job/1 | 304 | 14ms
2026-10-03T08:47:28.033Z | GET | /api/assessments/1 | 304 | 11ms
2026-10-03T08:48:05.261Z | GET | /api/auth/me | 401 | 8ms
2026-10-03T08:49:52.311Z | GET | /api/recruiter/jobs | 304 | 63ms
2026-10-03T08:49:52.340Z | GET | /api/assessments/1 | 304 | 48ms
2026-10-03T08:49:54.507Z | GET | /api/auth/me | 200 | 23ms
2026-10-03T08:49:55.033Z | GET | /api/recruiter/jobs | 304 | 8ms
2026-10-03T08:49:55.037Z | GET | /api/assessments/by-job/1 | 304 | 9ms
2026-10-03T08:49:55.099Z | GET | /api/assessments/1 | 304 | 5ms
2026-10-03T08:49:56.381Z | GET | /api/notifications | 304 | 6ms
2026-10-03T08:49:56.407Z | GET | /api/recruiter/jobs | 304 | 20ms
2026-10-03T08:49:56.418Z | GET | /api/analytics/recruiter | 304 | 25ms
2026-10-03T08:49:56.439Z | GET | /api/recruiter/assessments | 304 | 19ms
2026-10-03T08:49:57.391Z | GET | /api/recruiter/jobs | 304 | 12ms
2026-10-03T08:49:57.397Z | GET | /api/assessments/by-job/3 | 304 | 12ms
2026-10-03T08:49:57.430Z | GET | /api/assessments/3 | 304 | 9ms
2026-10-03T08:50:05.704Z | GET | /api/recruiter/jobs | 304 | 28ms
2026-10-03T08:50:05.711Z | GET | /api/analytics/recruiter | 304 | 26ms
2026-10-03T08:50:05.717Z | GET | /api/recruiter/assessments | 304 | 24ms
2026-10-03T08:50:10.379Z | GET | /api/jobs?page=1&limit=10 | 304 | 35ms
2026-10-03T08:50:11.964Z | GET | /api/assessments/by-job/3 | 304 | 9ms
2026-10-03T08:50:11.971Z | GET | /api/jobs/3 | 304 | 12ms
2026-10-03T08:51:36.718Z | GET | /api/jobs?page=1&limit=10 | 304 | 9ms
2026-10-03T08:51:39.267Z | GET | /api/notifications | 304 | 9ms
2026-10-03T08:51:41.520Z | GET | /api/analytics/recruiter | 304 | 6ms
2026-10-03T08:51:41.549Z | GET | /api/analytics/recruiter/applications | 304 | 27ms
2026-10-03T08:51:45.288Z | GET | /api/recruiter/jobs | 304 | 17ms
2026-10-03T08:51:45.292Z | GET | /api/analytics/recruiter | 304 | 12ms
2026-10-03T08:51:45.302Z | GET | /api/recruiter/assessments | 304 | 18ms
2026-10-03T08:51:53.887Z | GET | /api/recruiter/jobs | 304 | 16ms
2026-10-03T08:51:53.891Z | GET | /api/assessments/by-job/1 | 304 | 15ms
2026-10-03T08:51:53.897Z | GET | /api/assessments/1 | 304 | 15ms
2026-10-03T08:52:17.809Z | GET | /api/recruiter/jobs | 304 | 12ms
2026-10-03T08:52:17.814Z | GET | /api/assessments/1 | 304 | 14ms
2026-10-03T08:52:19.374Z | GET | /api/notifications | 304 | 29ms
2026-10-03T08:52:19.378Z | GET | /api/recruiter/jobs | 304 | 29ms
2026-10-03T08:52:19.384Z | GET | /api/analytics/recruiter | 304 | 29ms
2026-10-03T08:52:19.456Z | GET | /api/recruiter/assessments | 304 | 98ms
2026-10-03T08:52:21.707Z | GET | /api/recruiter/jobs/2/applications | 304 | 19ms
2026-10-03T08:52:23.179Z | GET | /api/recruiter/jobs | 304 | 17ms
2026-10-03T08:52:23.183Z | GET | /api/analytics/recruiter | 304 | 11ms
2026-10-03T08:52:23.190Z | GET | /api/recruiter/assessments | 304 | 15ms
2026-10-03T08:52:30.330Z | GET | /api/recruiter/jobs/1/applications | 304 | 18ms
2026-10-03T08:52:31.629Z | GET | /api/recruiter/jobs | 304 | 16ms
2026-10-03T08:52:31.635Z | GET | /api/recruiter/assessments | 304 | 16ms
2026-10-03T08:52:31.646Z | GET | /api/analytics/recruiter | 304 | 30ms
2026-10-03T08:52:35.157Z | GET | /api/recruiter/jobs/1/applications | 304 | 9ms
2026-10-03T08:52:46.435Z | GET | /api/recruiter/jobs/1/applications | 304 | 10ms
2026-10-03T08:52:47.838Z | GET | /api/recruiter/jobs | 304 | 11ms
2026-10-03T08:52:47.870Z | GET | /api/analytics/recruiter | 304 | 13ms
2026-10-03T08:52:47.877Z | GET | /api/recruiter/assessments | 304 | 17ms
2026-10-03T08:52:49.422Z | GET | /api/recruiter/jobs | 304 | 11ms
2026-10-03T08:52:49.428Z | GET | /api/assessments/by-job/2 | 304 | 12ms
2026-10-03T08:52:49.464Z | GET | /api/assessments/2 | 304 | 7ms
2026-10-03T08:56:00.830Z | GET | /api/recruiter/jobs | 304 | 7ms
2026-10-03T08:56:00.834Z | GET | /api/assessments/2 | 304 | 9ms
2026-10-03T08:58:22.761Z | GET | /api/recruiter/jobs | 304 | 13ms
2026-10-03T08:58:22.768Z | GET | /api/assessments/2 | 304 | 12ms
2026-10-03T08:58:25.169Z | GET | /api/notifications | 304 | 13ms
2026-10-03T08:58:25.173Z | GET | /api/recruiter/jobs | 304 | 15ms
2026-10-03T08:58:25.181Z | GET | /api/recruiter/assessments | 304 | 18ms
2026-10-03T08:58:25.197Z | GET | /api/analytics/recruiter | 304 | 37ms
2026-10-03T08:58:26.354Z | GET | /api/recruiter/jobs | 304 | 12ms
2026-10-03T08:58:26.358Z | GET | /api/assessments/by-job/1 | 304 | 13ms
2026-10-03T08:58:26.392Z | GET | /api/assessments/1 | 304 | 5ms
2026-10-03T08:58:32.259Z | GET | /api/recruiter/jobs | 304 | 8ms
2026-10-03T08:58:32.264Z | GET | /api/assessments/1 | 304 | 10ms
2026-10-03T08:58:33.610Z | GET | /api/recruiter/jobs | 304 | 10ms
2026-10-03T08:58:33.615Z | GET | /api/analytics/recruiter | 304 | 12ms
2026-10-03T08:58:33.623Z | GET | /api/recruiter/assessments | 304 | 6ms
2026-10-03T08:58:34.865Z | GET | /api/recruiter/jobs | 304 | 12ms
2026-10-03T08:58:34.873Z | GET | /api/assessments/by-job/6 | 304 | 5ms
2026-10-03T08:58:39.749Z | GET | /api/recruiter/jobs | 304 | 6ms
2026-10-03T08:58:39.766Z | GET | /api/analytics/recruiter | 304 | 15ms
2026-10-03T08:58:39.780Z | GET | /api/recruiter/assessments | 304 | 24ms
2026-10-03T08:58:44.602Z | GET | /api/recruiter/jobs | 304 | 6ms
2026-10-03T08:58:59.264Z | GET | /api/assessments/by-job/1 | 304 | 5ms
2026-10-03T08:58:59.283Z | GET | /api/assessments/1 | 304 | 8ms
2026-10-03T08:59:06.218Z | GET | /api/notifications | 304 | 4ms
2026-10-03T08:59:06.250Z | GET | /api/recruiter/assessments | 304 | 14ms
2026-10-03T08:59:06.258Z | GET | /api/analytics/recruiter | 304 | 13ms
2026-10-03T08:59:06.253Z | GET | /api/recruiter/jobs | 304 | 12ms
2026-10-03T08:59:09.513Z | GET | /api/analytics/assessments/1/leaderboard | 200 | 59ms
2026-10-03T08:59:13.495Z | GET | /api/recruiter/jobs | 304 | 6ms
2026-10-03T08:59:13.528Z | GET | /api/analytics/recruiter | 304 | 17ms
2026-10-03T08:59:13.534Z | GET | /api/recruiter/assessments | 304 | 18ms
2026-10-03T08:59:14.872Z | GET | /api/analytics/assessments/2/leaderboard | 200 | 18ms
2026-10-03T08:59:16.205Z | GET | /api/recruiter/jobs | 304 | 7ms
2026-10-03T08:59:16.223Z | GET | /api/analytics/recruiter | 304 | 15ms
2026-10-03T08:59:16.232Z | GET | /api/recruiter/assessments | 304 | 14ms
2026-10-03T08:59:17.186Z | GET | /api/analytics/assessments/3/leaderboard | 200 | 9ms
2026-10-03T08:59:20.865Z | GET | /api/recruiter/jobs | 304 | 15ms
2026-10-03T08:59:20.868Z | GET | /api/analytics/recruiter | 304 | 15ms
2026-10-03T08:59:20.872Z | GET | /api/recruiter/assessments | 304 | 12ms
2026-10-03T08:59:26.236Z | GET | /api/recruiter/jobs | 304 | 8ms
2026-10-03T08:59:26.240Z | GET | /api/assessments/2 | 304 | 10ms
2026-10-03T08:59:30.517Z | GET | /api/recruiter/jobs | 304 | 11ms
2026-10-03T08:59:30.526Z | GET | /api/recruiter/assessments | 304 | 7ms
2026-10-03T08:59:30.530Z | GET | /api/analytics/recruiter | 304 | 9ms
2026-10-03T08:59:38.825Z | GET | /api/notifications | 304 | 5ms
2026-10-03T08:59:38.858Z | GET | /api/analytics/recruiter | 304 | 18ms
2026-10-03T08:59:38.850Z | GET | /api/recruiter/jobs | 304 | 14ms
2026-10-03T08:59:38.866Z | GET | /api/recruiter/assessments | 304 | 22ms
2026-10-03T08:59:45.093Z | GET | /api/recruiter/jobs/3/applications | 304 | 12ms
2026-10-03T08:59:46.407Z | GET | /api/recruiter/jobs | 304 | 8ms
2026-10-03T08:59:46.425Z | GET | /api/analytics/recruiter | 304 | 14ms
2026-10-03T08:59:46.445Z | GET | /api/recruiter/assessments | 304 | 13ms
2026-10-03T09:00:50.482Z | GET | /api/recruiter/jobs | 304 | 14ms
2026-10-03T09:00:50.484Z | GET | /api/analytics/recruiter | 304 | 13ms
2026-10-03T09:00:50.487Z | GET | /api/recruiter/assessments | 304 | 14ms
2026-10-03T09:00:50.489Z | GET | /api/notifications | 304 | 13ms
2026-10-03T09:00:52.436Z | GET | /api/jobs?page=1&limit=10 | 304 | 17ms
2026-10-03T09:00:53.471Z | GET | /api/recruiter/jobs | 304 | 14ms
2026-10-03T09:00:53.474Z | GET | /api/analytics/recruiter | 304 | 14ms
2026-10-03T09:00:53.477Z | GET | /api/recruiter/assessments | 304 | 12ms
2026-10-03T09:00:54.631Z | GET | /api/recruiter/jobs | 304 | 5ms
2026-10-03T09:00:59.417Z | GET | /api/recruiter/jobs | 304 | 10ms
2026-10-03T09:00:59.420Z | GET | /api/analytics/recruiter | 304 | 10ms
2026-10-03T09:00:59.425Z | GET | /api/recruiter/assessments | 304 | 13ms
2026-10-03T09:01:03.667Z | GET | /api/analytics/recruiter | 304 | 14ms
2026-10-03T09:01:03.679Z | GET | /api/analytics/recruiter/applications | 304 | 30ms
2026-10-03T09:02:01.488Z | GET | /api/notifications | 304 | 5ms
2026-10-03T09:21:51.132Z | GET | /api/notifications | 401 | 21ms
2026-10-03T09:21:59.899Z | POST | /api/auth/login | 200 | 330ms
2026-10-03T09:22:00.000Z | GET | /api/notifications | 304 | 15ms
2026-10-03T09:22:03.819Z | GET | /api/recruiter/jobs | 304 | 37ms
2026-10-03T09:22:03.829Z | GET | /api/recruiter/assessments | 304 | 19ms
2026-10-03T09:22:03.838Z | GET | /api/analytics/recruiter | 304 | 41ms
2026-10-03T09:22:04.845Z | GET | /api/recruiter/jobs | 304 | 11ms
2026-10-03T09:22:04.850Z | GET | /api/assessments/by-job/1 | 304 | 12ms
2026-10-03T09:22:04.893Z | GET | /api/assessments/1 | 304 | 11ms
2026-10-03T09:22:12.005Z | GET | /api/recruiter/jobs | 304 | 7ms
2026-10-03T09:22:12.009Z | GET | /api/assessments/1 | 304 | 8ms
2026-10-03T09:22:29.538Z | GET | /api/recruiter/jobs | 304 | 7ms
2026-10-03T09:22:29.541Z | GET | /api/assessments/1 | 304 | 7ms
2026-10-03T09:24:45.818Z | GET | /api/recruiter/jobs | 304 | 7ms
2026-10-03T09:24:45.824Z | GET | /api/assessments/1 | 304 | 10ms
2026-10-03T09:24:53.570Z | GET | /api/recruiter/jobs | 304 | 6ms
2026-10-03T09:24:53.574Z | GET | /api/assessments/1 | 304 | 7ms
2026-10-03T09:44:21.364Z | GET | /api/auth/me | 401 | 27ms
2026-10-03T09:45:09.294Z | POST | /api/auth/login | 401 | 326ms
2026-10-03T09:45:11.968Z | POST | /api/auth/login | 200 | 308ms
2026-10-03T09:45:12.393Z | GET | /api/notifications | 304 | 17ms
2026-10-03T09:45:15.480Z | GET | /api/recruiter/jobs | 304 | 25ms
2026-10-03T09:45:15.486Z | GET | /api/recruiter/assessments | 304 | 17ms
2026-10-03T09:45:15.501Z | GET | /api/analytics/recruiter | 304 | 39ms
2026-10-03T09:46:09.112Z | GET | /api/notifications | 304 | 7ms
2026-10-03T09:46:50.390Z | GET | /api/notifications | 304 | 6ms
2026-10-03T09:46:52.329Z | GET | /api/recruiter/jobs | 304 | 18ms
2026-10-03T09:46:52.339Z | GET | /api/analytics/recruiter | 304 | 16ms
2026-10-03T09:46:52.344Z | GET | /api/recruiter/assessments | 304 | 12ms
2026-10-03T09:46:57.984Z | GET | /api/recruiter/jobs | 304 | 13ms
2026-10-03T09:46:57.988Z | GET | /api/analytics/recruiter | 304 | 15ms
2026-10-03T09:46:57.996Z | GET | /api/recruiter/assessments | 304 | 20ms
2026-10-03T09:47:00.757Z | GET | /api/recruiter/jobs/1/applications | 304 | 17ms
2026-10-03T09:47:02.459Z | GET | /api/recruiter/jobs | 304 | 12ms
2026-10-03T09:47:02.462Z | GET | /api/analytics/recruiter | 304 | 12ms
2026-10-03T09:47:02.474Z | GET | /api/recruiter/assessments | 304 | 21ms
2026-10-03T09:47:04.653Z | GET | /api/recruiter/jobs/1/applications | 304 | 12ms
2026-10-03T09:47:06.126Z | GET | /api/recruiter/jobs | 304 | 18ms
2026-10-03T09:47:06.130Z | GET | /api/analytics/recruiter | 304 | 19ms
2026-10-03T09:47:06.135Z | GET | /api/recruiter/assessments | 304 | 20ms
2026-10-03T09:47:10.082Z | GET | /api/recruiter/jobs | 304 | 9ms
2026-10-03T09:47:10.089Z | GET | /api/analytics/recruiter | 304 | 12ms
2026-10-03T09:47:10.095Z | GET | /api/recruiter/assessments | 304 | 11ms
2026-10-03T09:47:12.396Z | GET | /api/recruiter/jobs/1/applications | 304 | 14ms
2026-10-03T09:47:13.843Z | GET | /api/recruiter/jobs | 304 | 11ms
2026-10-03T09:47:13.847Z | GET | /api/analytics/recruiter | 304 | 11ms
2026-10-03T09:47:13.868Z | GET | /api/recruiter/assessments | 304 | 14ms
2026-10-03T09:47:27.980Z | GET | /api/notifications | 304 | 15ms
2026-10-03T09:47:27.983Z | GET | /api/recruiter/jobs | 304 | 15ms
2026-10-03T09:47:27.986Z | GET | /api/analytics/recruiter | 304 | 14ms
2026-10-03T09:47:27.989Z | GET | /api/recruiter/assessments | 304 | 14ms
2026-10-03T09:47:44.861Z | GET | /api/recruiter/jobs | 304 | 11ms
2026-10-03T09:47:44.864Z | GET | /api/analytics/recruiter | 304 | 10ms
2026-10-03T09:47:44.866Z | GET | /api/recruiter/assessments | 304 | 10ms
2026-10-03T09:49:04.694Z | GET | /api/notifications | 304 | 9ms
2026-10-03T09:49:04.696Z | GET | /api/recruiter/jobs | 304 | 9ms
2026-10-03T09:49:04.698Z | GET | /api/analytics/recruiter | 304 | 9ms
2026-10-03T09:49:04.704Z | GET | /api/recruiter/assessments | 304 | 13ms
2026-10-03T09:50:44.460Z | GET | /api/notifications | 304 | 10ms
2026-10-03T09:50:44.462Z | GET | /api/recruiter/jobs | 304 | 10ms
2026-10-03T09:50:44.466Z | GET | /api/recruiter/assessments | 304 | 9ms
2026-10-03T09:50:44.471Z | GET | /api/analytics/recruiter | 304 | 16ms
2026-10-03T09:50:47.851Z | GET | /api/recruiter/jobs/1/applications | 304 | 11ms
2026-10-03T09:51:07.142Z | GET | /api/recruiter/jobs/1/applications | 304 | 8ms
2026-10-03T09:51:26.958Z | GET | /api/notifications | 304 | 7ms
2026-10-03T09:51:26.966Z | GET | /api/recruiter/jobs/1/applications | 304 | 12ms
2026-10-03T09:51:28.321Z | GET | /api/recruiter/jobs | 304 | 6ms
2026-10-03T09:51:28.338Z | GET | /api/recruiter/assessments | 304 | 11ms
2026-10-03T09:51:28.342Z | GET | /api/analytics/recruiter | 304 | 10ms
2026-10-03T09:51:33.266Z | GET | /api/recruiter/jobs | 304 | 24ms
2026-10-03T09:51:33.270Z | GET | /api/analytics/recruiter | 304 | 25ms
2026-10-03T09:51:33.273Z | GET | /api/recruiter/assessments | 304 | 26ms
2026-10-03T09:51:39.540Z | GET | /api/recruiter/jobs | 304 | 7ms
2026-10-03T09:51:39.556Z | GET | /api/analytics/recruiter | 304 | 9ms
2026-10-03T09:51:39.562Z | GET | /api/recruiter/assessments | 304 | 11ms
2026-10-03T09:51:47.375Z | GET | /api/recruiter/jobs | 304 | 12ms
2026-10-03T09:51:47.381Z | GET | /api/analytics/recruiter | 304 | 12ms
2026-10-03T09:51:47.387Z | GET | /api/recruiter/assessments | 304 | 10ms
2026-10-03T09:51:56.088Z | GET | /api/recruiter/jobs | 304 | 11ms
2026-10-03T09:51:56.091Z | GET | /api/analytics/recruiter | 304 | 10ms
2026-10-03T09:51:56.094Z | GET | /api/recruiter/assessments | 304 | 10ms
2026-10-03T09:52:11.787Z | GET | /api/notifications | 304 | 12ms
2026-10-03T09:52:11.790Z | GET | /api/analytics/recruiter | 304 | 12ms
2026-10-03T09:52:11.792Z | GET | /api/recruiter/assessments | 304 | 12ms
2026-10-03T09:52:11.794Z | GET | /api/recruiter/jobs | 304 | 10ms
2026-10-03T09:52:12.978Z | GET | /api/recruiter/jobs | 304 | 6ms
2026-10-03T09:52:12.980Z | GET | /api/assessments/by-job/1 | 304 | 5ms
2026-10-03T09:52:13.017Z | GET | /api/assessments/1 | 304 | 8ms
2026-10-03T09:52:41.348Z | GET | /api/assessments/1 | 304 | 8ms
2026-10-03T09:52:41.352Z | GET | /api/recruiter/jobs | 304 | 8ms
2026-10-03T09:53:26.987Z | GET | /api/recruiter/jobs | 304 | 8ms
2026-10-03T09:53:26.989Z | GET | /api/assessments/1 | 304 | 6ms
2026-10-03T09:53:30.228Z | GET | /api/notifications | 304 | 8ms
2026-10-03T09:53:30.254Z | GET | /api/recruiter/jobs | 304 | 13ms
2026-10-03T09:53:30.258Z | GET | /api/analytics/recruiter | 304 | 10ms
2026-10-03T09:53:30.261Z | GET | /api/recruiter/assessments | 304 | 10ms
2026-10-03T09:53:34.916Z | GET | /api/recruiter/jobs | 304 | 19ms
2026-10-03T09:53:34.913Z | GET | /api/recruiter/assessments | 304 | 19ms
2026-10-03T09:53:34.921Z | GET | /api/analytics/recruiter | 304 | 21ms
2026-10-03T09:53:55.015Z | GET | /api/recruiter/jobs | 304 | 6ms
2026-10-03T09:53:55.029Z | GET | /api/analytics/recruiter | 304 | 11ms
2026-10-03T09:53:55.036Z | GET | /api/recruiter/assessments | 304 | 15ms
2026-10-03T09:53:56.202Z | GET | /api/recruiter/jobs/1/applications | 304 | 10ms
2026-10-03T09:53:57.422Z | GET | /api/recruiter/jobs | 304 | 21ms
2026-10-03T09:53:57.425Z | GET | /api/analytics/recruiter | 304 | 22ms
2026-10-03T09:53:57.429Z | GET | /api/recruiter/assessments | 304 | 22ms
2026-10-03T09:54:05.759Z | GET | /api/notifications | 304 | 13ms
2026-10-03T09:54:05.762Z | GET | /api/recruiter/jobs | 304 | 13ms
2026-10-03T09:54:05.765Z | GET | /api/analytics/recruiter | 304 | 13ms
2026-10-03T09:54:05.769Z | GET | /api/recruiter/assessments | 304 | 13ms
2026-10-03T09:54:09.464Z | GET | /api/recruiter/jobs | 304 | 9ms
2026-10-03T09:54:09.466Z | GET | /api/analytics/recruiter | 304 | 8ms
2026-10-03T09:54:09.473Z | GET | /api/recruiter/assessments | 304 | 13ms
2026-10-03T09:54:19.167Z | GET | /api/recruiter/jobs | 304 | 13ms
2026-10-03T09:54:19.171Z | GET | /api/analytics/recruiter | 304 | 12ms
2026-10-03T09:54:19.174Z | GET | /api/recruiter/assessments | 304 | 12ms
2026-10-03T09:54:22.847Z | GET | /api/recruiter/jobs | 304 | 11ms
2026-10-03T09:54:22.848Z | GET | /api/analytics/recruiter | 304 | 9ms
2026-10-03T09:54:22.855Z | GET | /api/recruiter/assessments | 304 | 14ms
2026-10-03T09:54:42.186Z | GET | /api/notifications | 304 | 14ms
2026-10-03T09:54:42.189Z | GET | /api/recruiter/jobs | 304 | 14ms
2026-10-03T09:54:42.192Z | GET | /api/analytics/recruiter | 304 | 14ms
2026-10-03T09:54:42.196Z | GET | /api/recruiter/assessments | 304 | 14ms
2026-10-03T09:54:43.729Z | GET | /api/recruiter/jobs | 304 | 7ms
2026-10-03T09:54:43.734Z | GET | /api/assessments/by-job/2 | 304 | 10ms
2026-10-03T09:54:43.772Z | GET | /api/assessments/2 | 304 | 8ms
2026-10-03T09:55:11.506Z | GET | /api/recruiter/jobs | 304 | 6ms
2026-10-03T09:55:11.510Z | GET | /api/assessments/2 | 304 | 8ms
2026-10-03T09:55:12.626Z | GET | /api/notifications | 304 | 6ms
2026-10-03T09:55:12.655Z | GET | /api/recruiter/jobs | 304 | 17ms
2026-10-03T09:55:12.660Z | GET | /api/analytics/recruiter | 304 | 19ms
2026-10-03T09:55:12.670Z | GET | /api/recruiter/assessments | 304 | 26ms
2026-10-03T09:55:35.421Z | GET | /api/recruiter/jobs | 304 | 11ms
2026-10-03T09:55:35.424Z | GET | /api/analytics/recruiter | 304 | 10ms
2026-10-03T09:55:35.428Z | GET | /api/recruiter/assessments | 304 | 11ms
2026-10-03T09:55:51.077Z | GET | /api/notifications | 304 | 10ms
2026-10-03T09:55:51.081Z | GET | /api/recruiter/jobs | 304 | 11ms
2026-10-03T09:55:51.095Z | GET | /api/recruiter/assessments | 304 | 11ms
2026-10-03T09:55:51.099Z | GET | /api/analytics/recruiter | 304 | 26ms
2026-10-03T09:55:55.768Z | GET | /api/recruiter/jobs | 304 | 10ms
2026-10-03T09:55:55.773Z | GET | /api/recruiter/assessments | 304 | 11ms
2026-10-03T09:55:55.771Z | GET | /api/analytics/recruiter | 304 | 10ms
2026-10-03T09:56:01.760Z | GET | /api/recruiter/jobs | 304 | 8ms
2026-10-03T09:56:01.762Z | GET | /api/analytics/recruiter | 304 | 7ms
2026-10-03T09:56:01.765Z | GET | /api/recruiter/assessments | 304 | 9ms
2026-10-03T09:56:28.540Z | GET | /api/notifications | 304 | 18ms
2026-10-03T09:56:28.544Z | GET | /api/recruiter/jobs | 304 | 17ms
2026-10-03T09:56:28.546Z | GET | /api/analytics/recruiter | 304 | 16ms
2026-10-03T09:56:28.550Z | GET | /api/recruiter/assessments | 304 | 15ms
2026-10-03T09:56:29.878Z | GET | /api/recruiter/jobs/1/applications | 304 | 12ms
2026-10-03T09:56:31.058Z | GET | /api/recruiter/jobs | 304 | 17ms
2026-10-03T09:56:31.062Z | GET | /api/analytics/recruiter | 304 | 19ms
2026-10-03T09:56:31.070Z | GET | /api/recruiter/assessments | 304 | 25ms
2026-10-03T09:56:33.105Z | GET | /api/recruiter/jobs | 304 | 16ms
2026-10-03T09:56:33.116Z | GET | /api/assessments/by-job/1 | 304 | 22ms
2026-10-03T09:56:33.122Z | GET | /api/assessments/1 | 304 | 14ms
2026-10-03T09:56:34.767Z | GET | /api/recruiter/jobs | 304 | 7ms
2026-10-03T09:56:34.780Z | GET | /api/analytics/recruiter | 304 | 11ms
2026-10-03T09:56:34.789Z | GET | /api/recruiter/assessments | 304 | 15ms
2026-10-03T09:56:40.399Z | GET | /api/recruiter/jobs | 304 | 9ms
2026-10-03T09:56:40.403Z | GET | /api/analytics/recruiter | 304 | 11ms
2026-10-03T09:56:40.406Z | GET | /api/recruiter/assessments | 304 | 12ms
2026-10-03T09:56:41.044Z | GET | /api/recruiter/jobs | 304 | 20ms
2026-10-03T09:56:41.052Z | GET | /api/recruiter/assessments | 304 | 22ms
2026-10-03T09:56:41.061Z | GET | /api/analytics/recruiter | 304 | 24ms
2026-10-03T09:56:41.342Z | GET | /api/recruiter/jobs/1/applications | 304 | 20ms
2026-10-03T09:56:42.695Z | GET | /api/recruiter/jobs | 304 | 5ms
2026-10-03T09:56:42.704Z | GET | /api/assessments/by-job/1 | 304 | 8ms
2026-10-03T09:56:42.707Z | GET | /api/assessments/1 | 304 | 9ms
2026-10-03T09:56:44.123Z | GET | /api/recruiter/jobs | 304 | 4ms
2026-10-03T09:56:44.144Z | GET | /api/analytics/recruiter | 304 | 12ms
2026-10-03T09:56:44.148Z | GET | /api/recruiter/assessments | 304 | 10ms
2026-10-03T09:56:45.446Z | GET | /api/recruiter/jobs/1/applications | 304 | 12ms
2026-10-03T09:56:47.299Z | GET | /api/recruiter/jobs | 304 | 13ms
2026-10-03T09:56:47.301Z | GET | /api/assessments/by-job/1 | 304 | 13ms
2026-10-03T09:56:47.303Z | GET | /api/assessments/1 | 304 | 13ms
2026-10-03T09:56:48.763Z | GET | /api/recruiter/jobs | 304 | 7ms
2026-10-03T09:56:48.766Z | GET | /api/analytics/recruiter | 304 | 7ms
2026-10-03T09:56:48.774Z | GET | /api/recruiter/assessments | 304 | 14ms
2026-10-03T09:56:52.059Z | GET | /api/recruiter/jobs | 304 | 3ms
2026-10-03T09:56:52.060Z | GET | /api/analytics/recruiter | 304 | 3ms
2026-10-03T09:56:52.061Z | GET | /api/recruiter/assessments | 304 | 3ms
2026-10-03T09:57:13.431Z | GET | /api/notifications | 304 | 5ms
2026-10-03T09:57:13.445Z | GET | /api/analytics/recruiter | 304 | 9ms
2026-10-03T09:57:13.448Z | GET | /api/recruiter/assessments | 304 | 10ms
2026-10-03T09:57:13.453Z | GET | /api/recruiter/jobs | 304 | 12ms
2026-10-03T09:57:15.975Z | GET | /api/recruiter/jobs | 304 | 6ms
2026-10-03T09:57:15.978Z | GET | /api/assessments/1 | 304 | 6ms
2026-10-03T09:57:17.448Z | GET | /api/recruiter/jobs | 304 | 8ms
2026-10-03T09:57:17.451Z | GET | /api/analytics/recruiter | 304 | 9ms
2026-10-03T09:57:17.457Z | GET | /api/recruiter/assessments | 304 | 13ms
2026-10-03T09:57:21.720Z | GET | /api/recruiter/jobs | 304 | 10ms
2026-10-03T09:57:21.723Z | GET | /api/analytics/recruiter | 304 | 10ms
2026-10-03T09:57:21.728Z | GET | /api/recruiter/assessments | 304 | 13ms
2026-10-03T09:57:33.987Z | GET | /api/recruiter/jobs | 304 | 12ms
2026-10-03T09:57:33.991Z | GET | /api/analytics/recruiter | 304 | 13ms
2026-10-03T09:57:33.998Z | GET | /api/recruiter/assessments | 304 | 17ms
2026-10-03T09:57:34.867Z | GET | /api/recruiter/jobs | 304 | 7ms
2026-10-03T09:57:34.871Z | GET | /api/assessments/1 | 304 | 8ms
2026-10-03T09:57:44.646Z | PUT | /api/assessments/1 | 200 | 75ms
2026-10-03T09:57:44.735Z | GET | /api/notifications | 304 | 8ms
2026-10-03T09:57:44.747Z | GET | /api/recruiter/jobs | 304 | 9ms
2026-10-03T09:57:44.768Z | GET | /api/analytics/recruiter | 304 | 19ms
2026-10-03T09:57:44.776Z | GET | /api/recruiter/assessments | 200 | 14ms
2026-10-03T09:57:47.649Z | GET | /api/recruiter/jobs | 304 | 8ms
2026-10-03T09:57:47.652Z | GET | /api/analytics/recruiter | 304 | 8ms
2026-10-03T09:57:47.655Z | GET | /api/recruiter/assessments | 304 | 10ms
2026-10-03T09:57:50.926Z | GET | /api/analytics/recruiter | 304 | 12ms
2026-10-03T09:57:50.923Z | GET | /api/recruiter/jobs | 304 | 11ms
2026-10-03T09:57:50.932Z | GET | /api/recruiter/assessments | 304 | 15ms
2026-10-03T09:57:53.825Z | GET | /api/analytics/assessments/1/leaderboard | 304 | 10ms
2026-10-03T09:57:55.378Z | GET | /api/auth/me | 304 | 5ms
2026-10-03T09:57:55.718Z | GET | /api/analytics/assessments/1/leaderboard | 304 | 5ms
2026-10-03T09:57:56.494Z | GET | /api/notifications | 304 | 9ms
2026-10-03T09:57:56.498Z | GET | /api/recruiter/jobs | 304 | 12ms
2026-10-03T09:57:56.502Z | GET | /api/analytics/recruiter | 304 | 14ms
2026-10-03T09:57:56.510Z | GET | /api/recruiter/assessments | 304 | 20ms
2026-10-03T09:58:05.341Z | GET | /api/analytics/assessments/2/leaderboard | 304 | 11ms
2026-10-03T09:58:07.005Z | GET | /api/recruiter/jobs | 304 | 7ms
2026-10-03T09:58:07.011Z | GET | /api/analytics/recruiter | 304 | 10ms
2026-10-03T09:58:07.023Z | GET | /api/recruiter/assessments | 304 | 16ms
2026-10-03T09:58:13.083Z | GET | /api/recruiter/jobs | 304 | 9ms
2026-10-03T09:58:13.090Z | GET | /api/analytics/recruiter | 304 | 13ms
2026-10-03T09:58:13.094Z | GET | /api/recruiter/assessments | 304 | 15ms
2026-10-03T09:58:17.907Z | GET | /api/recruiter/jobs | 304 | 9ms
2026-10-03T09:58:17.919Z | GET | /api/analytics/recruiter | 304 | 10ms
2026-10-03T09:58:17.923Z | GET | /api/recruiter/assessments | 304 | 11ms
2026-10-03T09:58:29.912Z | GET | /api/recruiter/jobs | 304 | 12ms
2026-10-03T09:58:29.918Z | GET | /api/recruiter/assessments | 304 | 12ms
2026-10-03T09:58:29.914Z | GET | /api/analytics/recruiter | 304 | 11ms
2026-10-03T09:58:29.928Z | GET | /api/notifications | 304 | 20ms
2026-10-03T09:58:30.864Z | GET | /api/recruiter/jobs | 304 | 7ms
2026-10-03T09:58:36.234Z | GET | /api/recruiter/jobs | 304 | 8ms
2026-10-03T09:58:36.237Z | GET | /api/analytics/recruiter | 304 | 8ms
2026-10-03T09:58:36.243Z | GET | /api/recruiter/assessments | 304 | 13ms
2026-10-03T09:59:36.071Z | GET | /api/recruiter/jobs | 304 | 11ms
2026-10-03T09:59:36.073Z | GET | /api/analytics/recruiter | 304 | 11ms
2026-10-03T09:59:36.076Z | GET | /api/recruiter/assessments | 304 | 12ms
2026-10-03T09:59:36.079Z | GET | /api/notifications | 304 | 12ms
2026-10-03T09:59:38.081Z | GET | /api/assessments/1 | 200 | 13ms
2026-10-03T09:59:38.086Z | GET | /api/recruiter/jobs | 304 | 15ms
2026-10-03T09:59:50.205Z | GET | /api/recruiter/jobs | 304 | 8ms
2026-10-03T09:59:50.208Z | GET | /api/assessments/1 | 304 | 8ms
2026-10-03T09:59:53.463Z | GET | /api/recruiter/jobs | 304 | 6ms
2026-10-03T09:59:53.466Z | GET | /api/assessments/1 | 304 | 6ms
2026-10-03T09:59:54.459Z | GET | /api/recruiter/jobs | 304 | 11ms
2026-10-03T09:59:54.462Z | GET | /api/analytics/recruiter | 304 | 11ms
2026-10-03T09:59:54.465Z | GET | /api/recruiter/assessments | 304 | 12ms
2026-10-03T10:00:11.004Z | GET | /api/recruiter/jobs | 304 | 12ms
2026-10-03T10:00:11.007Z | GET | /api/analytics/recruiter | 304 | 11ms
2026-10-03T10:00:11.018Z | GET | /api/recruiter/assessments | 304 | 19ms
2026-10-03T10:00:11.025Z | GET | /api/notifications | 304 | 14ms
2026-10-03T10:00:42.231Z | GET | /api/recruiter/jobs | 401 | 12ms
2026-10-03T10:00:42.237Z | GET | /api/analytics/recruiter | 401 | 4ms
2026-10-03T10:00:42.244Z | GET | /api/recruiter/assessments | 401 | 4ms
2026-10-03T10:00:42.255Z | GET | /api/notifications | 401 | 5ms
2026-10-03T10:01:13.815Z | POST | /api/auth/login | 200 | 281ms
2026-10-03T10:01:14.194Z | GET | /api/notifications | 304 | 4ms
2026-10-03T10:01:15.598Z | GET | /api/recruiter/jobs | 304 | 14ms
2026-10-03T10:01:15.609Z | GET | /api/recruiter/assessments | 304 | 10ms
2026-10-03T10:01:15.631Z | GET | /api/analytics/recruiter | 304 | 43ms
2026-10-03T10:02:46.225Z | GET | /api/recruiter/jobs | 304 | 12ms
2026-10-03T10:02:46.228Z | GET | /api/analytics/recruiter | 304 | 12ms
2026-10-03T10:02:46.231Z | GET | /api/recruiter/assessments | 304 | 13ms
2026-10-03T10:02:46.236Z | GET | /api/notifications | 304 | 15ms
2026-10-03T10:02:51.594Z | GET | /api/recruiter/jobs | 304 | 5ms
2026-10-03T10:02:51.603Z | GET | /api/analytics/recruiter | 304 | 7ms
2026-10-03T10:02:51.606Z | GET | /api/recruiter/assessments | 304 | 8ms
2026-10-03T10:05:33.589Z | GET | /api/recruiter/jobs | 304 | 6ms
2026-10-03T10:05:33.609Z | GET | /api/recruiter/assessments | 304 | 14ms
2026-10-03T10:05:33.612Z | GET | /api/notifications | 304 | 13ms
2026-10-03T10:05:33.616Z | GET | /api/analytics/recruiter | 304 | 14ms
2026-10-03T10:05:45.768Z | GET | /api/recruiter/jobs | 304 | 7ms
2026-10-03T10:05:45.770Z | GET | /api/analytics/recruiter | 304 | 6ms
2026-10-03T10:05:45.773Z | GET | /api/recruiter/assessments | 304 | 8ms
2026-10-03T10:05:50.224Z | GET | /api/recruiter/jobs | 304 | 7ms
2026-10-03T10:05:51.368Z | GET | /api/analytics/recruiter | 304 | 8ms
2026-10-03T10:05:51.380Z | GET | /api/recruiter/jobs | 304 | 17ms
2026-10-03T10:05:51.388Z | GET | /api/recruiter/assessments | 304 | 18ms
2026-10-03T10:05:52.506Z | GET | /api/recruiter/jobs | 304 | 16ms
2026-10-03T10:05:55.174Z | GET | /api/recruiter/jobs | 304 | 10ms
2026-10-03T10:05:55.189Z | GET | /api/analytics/recruiter | 304 | 6ms
2026-10-03T10:05:55.197Z | GET | /api/recruiter/assessments | 304 | 12ms
2026-10-03T10:05:56.779Z | GET | /api/recruiter/jobs | 304 | 8ms
2026-10-03T10:05:58.315Z | GET | /api/recruiter/jobs | 304 | 9ms
2026-10-03T10:05:58.323Z | GET | /api/analytics/recruiter | 304 | 15ms
2026-10-03T10:05:58.327Z | GET | /api/recruiter/assessments | 304 | 16ms
2026-10-03T10:05:59.535Z | GET | /api/recruiter/jobs | 304 | 6ms
2026-10-03T10:06:15.469Z | GET | /api/recruiter/jobs | 304 | 8ms
2026-10-03T10:06:27.225Z | GET | /api/recruiter/jobs | 304 | 4ms
2026-10-03T10:06:39.005Z | GET | /api/recruiter/jobs | 304 | 5ms
2026-10-03T10:06:59.834Z | GET | /api/recruiter/jobs | 304 | 4ms
2026-10-03T10:07:03.188Z | GET | /api/notifications | 304 | 18ms
2026-10-03T10:07:03.189Z | GET | /api/recruiter/jobs | 304 | 16ms
2026-10-03T10:07:03.196Z | GET | /api/analytics/recruiter | 304 | 20ms
2026-10-03T10:07:03.199Z | GET | /api/recruiter/assessments | 304 | 14ms
2026-10-03T10:07:05.251Z | GET | /api/recruiter/jobs | 304 | 8ms
2026-10-03T10:07:07.668Z | GET | /api/assessments/by-job/1 | 304 | 7ms
2026-10-03T10:07:07.700Z | GET | /api/assessments/1 | 304 | 8ms
2026-10-03T10:09:27.836Z | GET | /api/recruiter/jobs | 304 | 6ms
2026-10-03T10:09:27.840Z | GET | /api/assessments/1 | 304 | 7ms
2026-10-03T10:09:30.352Z | GET | /api/assessments/by-job/4 | 200 | 6ms
2026-10-03T10:09:34.164Z | GET | /api/assessments/by-job/8 | 304 | 9ms
2026-10-03T10:09:37.787Z | GET | /api/assessments/by-job/6 | 304 | 6ms
2026-10-03T10:09:40.446Z | GET | /api/notifications | 304 | 6ms
2026-10-03T10:09:40.493Z | GET | /api/recruiter/jobs | 304 | 25ms
2026-10-03T10:09:40.497Z | GET | /api/analytics/recruiter | 304 | 22ms
2026-10-03T10:09:40.504Z | GET | /api/recruiter/assessments | 304 | 23ms
2026-10-03T10:09:42.188Z | GET | /api/recruiter/jobs | 304 | 8ms
2026-10-03T10:09:43.871Z | GET | /api/assessments/by-job/5 | 304 | 6ms
2026-10-03T10:09:46.695Z | GET | /api/assessments/by-job/2 | 304 | 5ms
2026-10-03T10:09:46.734Z | GET | /api/assessments/2 | 304 | 7ms
2026-10-03T10:09:51.441Z | GET | /api/assessments/by-job/7 | 304 | 7ms
2026-10-03T10:09:54.455Z | GET | /api/assessments/by-job/1 | 304 | 4ms
2026-10-03T10:09:54.474Z | GET | /api/assessments/1 | 304 | 5ms
2026-10-03T10:09:56.258Z | GET | /api/assessments/by-job/6 | 304 | 4ms
2026-10-03T10:14:49.127Z | GET | /api/auth/me | 304 | 6ms
2026-10-03T10:14:50.020Z | GET | /api/recruiter/jobs | 304 | 3ms
2026-10-03T10:15:24.342Z | GET | /api/recruiter/jobs | 304 | 11ms
2026-10-03T10:20:34.206Z | GET | /api/recruiter/jobs | 401 | 3ms
2026-10-03T10:20:42.229Z | POST | /api/auth/login | 200 | 277ms
2026-10-03T10:20:42.586Z | GET | /api/notifications | 304 | 26ms
2026-10-03T10:20:43.815Z | GET | /api/recruiter/jobs | 304 | 6ms
2026-10-03T10:20:43.833Z | GET | /api/recruiter/assessments | 304 | 9ms
2026-10-03T10:20:43.835Z | GET | /api/analytics/recruiter | 304 | 15ms
2026-10-03T10:20:53.639Z | GET | /api/recruiter/jobs | 304 | 9ms
2026-10-03T10:20:53.641Z | GET | /api/analytics/recruiter | 304 | 8ms
2026-10-03T10:20:53.647Z | GET | /api/recruiter/assessments | 304 | 12ms
2026-10-03T10:20:54.761Z | GET | /api/recruiter/jobs/1/applications | 304 | 19ms
2026-10-03T10:20:55.742Z | GET | /api/recruiter/jobs | 304 | 6ms
2026-10-03T10:20:55.760Z | GET | /api/analytics/recruiter | 304 | 15ms
2026-10-03T10:20:55.780Z | GET | /api/recruiter/assessments | 304 | 31ms
2026-10-03T10:20:56.545Z | GET | /api/recruiter/jobs | 304 | 7ms
2026-10-03T10:20:57.691Z | GET | /api/recruiter/jobs | 304 | 7ms
2026-10-03T10:20:57.885Z | GET | /api/assessments/by-job/1 | 304 | 5ms
2026-10-03T10:20:57.932Z | GET | /api/assessments/1 | 304 | 8ms
2026-10-03T10:20:59.227Z | GET | /api/assessments/by-job/4 | 304 | 5ms
2026-10-03T10:21:08.211Z | GET | /api/recruiter/jobs | 304 | 7ms
2026-10-03T10:21:08.224Z | GET | /api/assessments/by-job/4 | 304 | 17ms
2026-10-03T10:21:09.507Z | GET | /api/assessments/by-job/1 | 304 | 8ms
2026-10-03T10:21:09.517Z | GET | /api/assessments/1 | 304 | 7ms
2026-10-03T10:21:10.822Z | GET | /api/assessments/by-job/2 | 304 | 6ms
2026-10-03T10:21:10.854Z | GET | /api/assessments/2 | 304 | 6ms
2026-10-03T10:21:33.720Z | GET | /api/recruiter/jobs | 304 | 18ms
2026-10-03T10:21:33.723Z | GET | /api/assessments/2 | 304 | 13ms
2026-10-03T10:21:39.709Z | GET | /api/recruiter/jobs | 304 | 7ms
2026-10-03T10:21:39.714Z | GET | /api/assessments/2 | 304 | 9ms
2026-10-03T10:21:49.902Z | GET | /api/recruiter/jobs | 304 | 4ms
2026-10-03T10:21:49.913Z | GET | /api/assessments/2 | 304 | 8ms
2026-10-03T10:21:51.771Z | GET | /api/assessments/by-job/5 | 304 | 5ms
2026-10-03T10:22:25.470Z | GET | /api/recruiter/jobs | 304 | 12ms
2026-10-03T10:22:25.473Z | GET | /api/assessments/by-job/5 | 304 | 11ms
2026-10-03T10:22:29.439Z | GET | /api/recruiter/jobs | 304 | 11ms
2026-10-03T10:22:29.443Z | GET | /api/assessments/by-job/5 | 304 | 10ms
2026-10-03T10:22:44.846Z | GET | /api/recruiter/jobs | 304 | 11ms
2026-10-03T10:22:44.852Z | GET | /api/assessments/by-job/5 | 304 | 14ms
2026-10-03T10:22:49.300Z | GET | /api/recruiter/jobs | 304 | 9ms
2026-10-03T10:22:49.302Z | GET | /api/assessments/by-job/5 | 304 | 7ms
2026-10-03T10:24:23.102Z | GET | /api/recruiter/jobs | 304 | 10ms
2026-10-03T10:24:23.104Z | GET | /api/assessments/by-job/5 | 304 | 9ms
2026-10-03T10:24:24.631Z | GET | /api/notifications | 304 | 5ms
2026-10-03T10:24:24.659Z | GET | /api/recruiter/jobs | 304 | 17ms
2026-10-03T10:24:24.663Z | GET | /api/analytics/recruiter | 304 | 19ms
2026-10-03T10:24:24.670Z | GET | /api/recruiter/assessments | 304 | 16ms
2026-10-03T10:24:28.266Z | GET | /api/assessments/1 | 304 | 8ms
2026-10-03T10:24:28.271Z | GET | /api/recruiter/jobs | 304 | 10ms
2026-10-03T10:25:05.358Z | GET | /api/recruiter/jobs | 304 | 5ms
2026-10-03T10:25:05.361Z | GET | /api/assessments/1 | 304 | 6ms
2026-10-03T10:25:20.221Z | GET | /api/recruiter/jobs | 304 | 12ms
2026-10-03T10:25:20.232Z | GET | /api/assessments/1 | 304 | 7ms
2026-10-03T10:47:22.296Z | GET | /api/recruiter/jobs | 401 | 25ms
2026-10-03T10:47:22.307Z | GET | /api/assessments/1 | 401 | 7ms
2026-10-03T11:12:29.842Z | GET | /api/auth/me | 401 | 23ms
2026-10-03T11:18:36.350Z | POST | /api/auth/login | 200 | 450ms
2026-10-03T11:18:36.758Z | GET | /api/notifications | 304 | 13ms
2026-10-03T11:18:38.718Z | GET | /api/recruiter/jobs | 304 | 17ms
2026-10-03T11:18:38.724Z | GET | /api/recruiter/assessments | 304 | 11ms
2026-10-03T11:18:38.734Z | GET | /api/analytics/recruiter | 304 | 29ms
2026-10-03T11:18:41.128Z | GET | /api/recruiter/jobs | 304 | 20ms
2026-10-03T11:18:41.134Z | GET | /api/assessments/1 | 304 | 23ms
2026-10-03T11:18:44.847Z | GET | /api/recruiter/jobs | 304 | 15ms
2026-10-03T11:18:44.851Z | GET | /api/analytics/recruiter | 304 | 16ms
2026-10-03T11:18:44.858Z | GET | /api/recruiter/assessments | 304 | 20ms
2026-10-03T11:18:54.987Z | GET | /api/recruiter/jobs | 304 | 7ms
2026-10-03T11:18:55.000Z | GET | /api/assessments/by-job/5 | 304 | 7ms
2026-10-03T11:19:12.449Z | GET | /api/notifications | 304 | 32ms
2026-10-03T11:19:12.452Z | GET | /api/recruiter/jobs | 304 | 21ms
2026-10-03T11:19:12.457Z | GET | /api/analytics/recruiter | 304 | 16ms
2026-10-03T11:19:12.467Z | GET | /api/recruiter/assessments | 304 | 23ms
2026-10-03T11:19:56.614Z | GET | /api/notifications | 304 | 10ms
2026-10-03T11:19:56.616Z | GET | /api/recruiter/jobs | 304 | 8ms
2026-10-03T11:19:56.623Z | GET | /api/analytics/recruiter | 304 | 13ms
2026-10-03T11:19:56.625Z | GET | /api/recruiter/assessments | 304 | 14ms
2026-10-03T11:20:12.057Z | GET | /api/recruiter/jobs | 304 | 12ms
2026-10-03T11:20:12.062Z | GET | /api/analytics/recruiter | 304 | 13ms
2026-10-03T11:20:12.069Z | GET | /api/recruiter/assessments | 304 | 16ms
2026-10-03T11:20:15.286Z | GET | /api/recruiter/jobs | 304 | 16ms
2026-10-03T11:20:15.302Z | GET | /api/assessments/2 | 304 | 25ms
2026-10-03T11:20:22.528Z | PUT | /api/assessments/2 | 200 | 68ms
2026-10-03T11:20:22.614Z | GET | /api/analytics/recruiter | 304 | 23ms
2026-10-03T11:20:22.618Z | GET | /api/recruiter/jobs | 304 | 24ms
2026-10-03T11:20:22.622Z | GET | /api/recruiter/assessments | 200 | 25ms
2026-10-03T11:20:30.421Z | GET | /api/notifications | 304 | 9ms
2026-10-03T11:20:30.458Z | GET | /api/recruiter/jobs | 304 | 21ms
2026-10-03T11:20:30.465Z | GET | /api/analytics/recruiter | 304 | 17ms
2026-10-03T11:20:30.475Z | GET | /api/recruiter/assessments | 304 | 24ms
2026-10-03T11:20:35.874Z | GET | /api/recruiter/jobs | 304 | 29ms
2026-10-03T11:20:35.887Z | GET | /api/recruiter/assessments | 304 | 9ms
2026-10-03T11:20:35.892Z | GET | /api/analytics/recruiter | 304 | 10ms
2026-10-03T11:20:38.417Z | GET | /api/recruiter/jobs | 304 | 12ms
2026-10-03T11:20:38.426Z | GET | /api/assessments/3 | 304 | 14ms
2026-10-03T11:20:41.350Z | GET | /api/recruiter/jobs | 304 | 11ms
2026-10-03T11:20:41.360Z | GET | /api/assessments/3 | 304 | 8ms
2026-10-03T11:20:54.319Z | PUT | /api/assessments/3 | 200 | 33ms
2026-10-03T11:20:54.385Z | GET | /api/recruiter/jobs | 304 | 10ms
2026-10-03T11:20:54.406Z | GET | /api/analytics/recruiter | 304 | 11ms
2026-10-03T11:20:54.410Z | GET | /api/recruiter/assessments | 200 | 9ms
2026-10-03T11:21:09.542Z | GET | /api/notifications | 304 | 13ms
2026-10-03T11:21:09.558Z | GET | /api/recruiter/jobs | 304 | 23ms
2026-10-03T11:21:09.569Z | GET | /api/analytics/recruiter | 304 | 23ms
2026-10-03T11:21:09.576Z | GET | /api/recruiter/assessments | 304 | 25ms
2026-10-03T11:22:37.754Z | GET | /api/notifications | 304 | 4ms
2026-10-03T11:22:37.768Z | GET | /api/recruiter/jobs | 304 | 11ms
2026-10-03T11:22:37.772Z | GET | /api/analytics/recruiter | 304 | 12ms
2026-10-03T11:22:37.776Z | GET | /api/recruiter/assessments | 304 | 12ms
2026-10-03T11:22:43.116Z | GET | /api/recruiter/jobs | 304 | 15ms
2026-10-03T11:22:43.119Z | GET | /api/analytics/recruiter | 304 | 7ms
2026-10-03T11:22:43.125Z | GET | /api/recruiter/assessments | 304 | 5ms
2026-10-03T11:22:49.893Z | GET | /api/recruiter/jobs | 304 | 7ms
2026-10-03T11:22:49.905Z | GET | /api/analytics/recruiter | 304 | 10ms
2026-10-03T11:22:49.913Z | GET | /api/recruiter/assessments | 304 | 15ms
2026-10-03T11:22:51.469Z | GET | /api/recruiter/jobs | 304 | 12ms
2026-10-03T11:22:51.483Z | GET | /api/assessments/by-job/1 | 304 | 10ms
2026-10-03T11:22:51.539Z | GET | /api/assessments/1 | 304 | 8ms
2026-10-03T11:22:55.751Z | GET | /api/recruiter/jobs | 304 | 14ms
2026-10-03T11:22:55.754Z | GET | /api/analytics/recruiter | 304 | 14ms
2026-10-03T11:22:55.763Z | GET | /api/recruiter/assessments | 304 | 19ms
2026-10-03T11:23:52.199Z | GET | /api/notifications | 304 | 19ms
2026-10-03T11:23:52.202Z | GET | /api/recruiter/jobs | 304 | 17ms
2026-10-03T11:23:52.210Z | GET | /api/recruiter/assessments | 304 | 16ms
2026-10-03T11:23:52.228Z | GET | /api/analytics/recruiter | 304 | 37ms
2026-10-03T11:23:53.651Z | GET | /api/recruiter/jobs | 304 | 23ms
2026-10-03T11:23:53.659Z | GET | /api/assessments/by-job/2 | 200 | 26ms
2026-10-03T11:23:53.694Z | GET | /api/assessments/2 | 200 | 5ms
2026-10-03T11:24:18.522Z | GET | /api/recruiter/jobs | 304 | 11ms
2026-10-03T11:24:18.527Z | GET | /api/assessments/2 | 304 | 10ms
2026-10-03T11:28:56.993Z | GET | /api/auth/me | 304 | 5ms
2026-10-03T11:28:58.278Z | GET | /api/recruiter/jobs | 304 | 3ms
2026-10-03T11:28:58.280Z | GET | /api/assessments/by-job/2 | 304 | 4ms
2026-10-03T11:28:58.350Z | GET | /api/assessments/2 | 304 | 2ms
2026-10-03T11:30:04.181Z | GET | /api/recruiter/jobs | 304 | 10ms
2026-10-03T11:30:04.184Z | GET | /api/assessments/2 | 304 | 10ms
2026-10-03T11:30:07.117Z | GET | /api/notifications | 304 | 11ms
2026-10-03T11:30:07.121Z | GET | /api/recruiter/jobs | 304 | 13ms
2026-10-03T11:30:07.125Z | GET | /api/recruiter/assessments | 304 | 12ms
2026-10-03T11:30:07.136Z | GET | /api/analytics/recruiter | 304 | 25ms
2026-10-03T11:30:10.068Z | GET | /api/recruiter/jobs | 304 | 11ms
2026-10-03T11:30:10.072Z | GET | /api/assessments/1 | 304 | 10ms
2026-10-03T11:31:46.565Z | GET | /api/assessments/1 | 304 | 4ms
2026-10-03T11:31:46.572Z | GET | /api/recruiter/jobs | 304 | 5ms
2026-10-03T11:35:41.114Z | GET | /api/assessments/1 | 401 | 18ms
2026-10-03T11:35:41.119Z | GET | /api/recruiter/jobs | 401 | 3ms
2026-10-03T11:35:50.138Z | POST | /api/auth/login | 200 | 267ms
2026-10-03T11:35:50.517Z | GET | /api/notifications | 304 | 7ms
2026-10-03T11:35:52.006Z | GET | /api/analytics/recruiter | 304 | 27ms
2026-10-03T11:35:52.009Z | GET | /api/analytics/recruiter/applications | 304 | 13ms
2026-10-03T11:35:55.108Z | GET | /api/analytics/recruiter | 304 | 9ms
2026-10-03T11:35:55.109Z | GET | /api/analytics/recruiter/applications | 304 | 8ms
2026-10-03T11:35:59.162Z | GET | /api/analytics/recruiter | 304 | 9ms
2026-10-03T11:35:59.163Z | GET | /api/analytics/recruiter/applications | 304 | 5ms
2026-10-03T11:36:08.591Z | GET | /api/analytics/recruiter | 304 | 6ms
2026-10-03T11:36:08.594Z | GET | /api/analytics/recruiter/applications | 304 | 7ms
2026-10-03T11:39:48.580Z | GET | /api/notifications | 304 | 10ms
2026-10-03T11:39:48.588Z | GET | /api/analytics/recruiter | 304 | 15ms
2026-10-03T11:39:48.589Z | GET | /api/analytics/recruiter/applications | 304 | 12ms
2026-10-03T11:41:42.250Z | GET | /api/notifications | 304 | 5ms
2026-10-03T11:41:43.967Z | GET | /api/jobs?page=1&limit=10 | 304 | 8ms
2026-10-03T11:41:44.997Z | GET | /api/assessments/by-job/1 | 304 | 11ms
2026-10-03T11:41:45.001Z | GET | /api/jobs/1 | 304 | 11ms
2026-10-03T11:41:48.808Z | GET | /api/analytics/assessments/1/leaderboard | 304 | 16ms
2026-10-03T11:47:53.800Z | GET | /api/jobs?page=1&limit=10 | 304 | 37ms
2026-10-03T11:47:54.229Z | GET | /api/auth/me | 304 | 47ms
2026-10-03T11:47:54.731Z | GET | /api/jobs?page=1&limit=10 | 304 | 18ms
2026-10-03T11:54:49.553Z | GET | /api/auth/me | 401 | 8ms
2026-10-03T11:57:07.794Z | GET | /api/auth/me | 401 | 3ms
2026-10-03T12:00:42.537Z | POST | /api/auth/login | 200 | 340ms
2026-10-03T12:00:42.964Z | GET | /api/notifications | 304 | 8ms
2026-10-03T12:00:58.583Z | GET | /api/users?page=1&limit=10 | 304 | 39ms
2026-10-03T12:01:14.113Z | GET | /api/notifications | 304 | 17ms
2026-10-03T12:01:19.663Z | GET | /api/users?page=1&limit=10 | 304 | 17ms
2026-10-03T12:01:21.320Z | GET | /api/analytics/platform | 304 | 17ms
2026-10-03T12:01:23.313Z | GET | /api/jobs?page=1&limit=10 | 304 | 18ms
2026-10-03T12:01:27.356Z | GET | /api/users?page=1&limit=10 | 304 | 26ms
2026-10-03T12:02:32.941Z | GET | /api/notifications | 304 | 25ms
2026-10-03T12:03:03.127Z | GET | /api/notifications | 304 | 15ms
2026-10-03T12:08:25.307Z | GET | /api/auth/me | 200 | 5ms
2026-10-03T12:08:26.819Z | GET | /api/notifications | 304 | 4ms
2026-10-03T12:20:48.697Z | GET | /api/auth/me | 401 | 3ms
2026-10-03T12:22:04.055Z | POST | /api/auth/login | 200 | 293ms
2026-10-03T12:22:04.454Z | GET | /api/notifications | 304 | 8ms
2026-10-03T12:22:19.462Z | POST | /api/auth/logout | 200 | 50ms
2026-10-03T12:22:29.048Z | POST | /api/auth/login | 200 | 241ms
2026-10-03T12:22:31.697Z | GET | /api/recruiter/jobs | 304 | 25ms
2026-10-03T12:22:31.706Z | GET | /api/recruiter/assessments | 304 | 29ms
2026-10-03T12:22:31.713Z | GET | /api/analytics/recruiter | 304 | 32ms
2026-10-03T12:22:35.883Z | GET | /api/notifications | 304 | 10ms
2026-10-03T12:22:37.658Z | GET | /api/analytics/recruiter | 304 | 18ms
2026-10-03T12:22:37.690Z | GET | /api/analytics/recruiter/applications | 304 | 21ms
2026-10-03T12:22:40.559Z | POST | /api/auth/logout | 200 | 14ms
2026-10-03T12:22:47.371Z | POST | /api/auth/login | 200 | 268ms
2026-10-03T12:24:06.123Z | GET | /api/notifications | 304 | 6ms
2026-10-03T12:24:52.213Z | GET | /api/notifications | 304 | 5ms
2026-10-03T12:26:32.140Z | GET | /api/notifications | 304 | 5ms
2026-10-03T12:27:37.724Z | GET | /api/notifications | 304 | 4ms
2026-10-03T12:28:28.510Z | GET | /api/notifications | 304 | 4ms
2026-10-03T12:28:36.220Z | GET | /api/recruiter/jobs | 200 | 16ms
2026-10-03T12:28:36.229Z | GET | /api/recruiter/assessments | 200 | 17ms
2026-10-03T12:28:36.235Z | GET | /api/analytics/recruiter | 200 | 27ms
2026-10-03T12:28:44.177Z | GET | /api/analytics/recruiter | 304 | 6ms
2026-10-03T12:28:44.216Z | GET | /api/analytics/recruiter/applications | 200 | 15ms
2026-10-03T12:28:49.212Z | GET | /api/recruiter/jobs | 304 | 20ms
2026-10-03T12:28:49.218Z | GET | /api/analytics/recruiter | 304 | 16ms
2026-10-03T12:28:49.224Z | GET | /api/recruiter/assessments | 304 | 16ms
2026-10-03T12:28:54.409Z | GET | /api/recruiter/jobs | 304 | 17ms
2026-10-03T12:28:54.413Z | GET | /api/analytics/recruiter | 304 | 11ms
2026-10-03T12:28:54.417Z | GET | /api/recruiter/assessments | 304 | 13ms
2026-10-03T12:28:58.049Z | GET | /api/recruiter/jobs | 304 | 6ms
2026-10-03T12:29:01.264Z | GET | /api/notifications | 304 | 6ms
2026-10-03T12:29:01.294Z | GET | /api/recruiter/jobs | 304 | 14ms
2026-10-03T12:29:01.297Z | GET | /api/analytics/recruiter | 304 | 15ms
2026-10-03T12:29:01.303Z | GET | /api/recruiter/assessments | 304 | 15ms
2026-10-03T12:29:02.681Z | GET | /api/jobs?page=1&limit=10 | 304 | 9ms
2026-10-03T12:29:04.034Z | GET | /api/recruiter/jobs | 304 | 8ms
2026-10-03T12:29:04.047Z | GET | /api/analytics/recruiter | 304 | 17ms
2026-10-03T12:29:04.059Z | GET | /api/recruiter/assessments | 304 | 9ms
2026-10-03T12:29:13.009Z | GET | /api/analytics/recruiter | 304 | 6ms
2026-10-03T12:29:13.013Z | GET | /api/recruiter/jobs | 304 | 9ms
2026-10-03T12:29:13.019Z | GET | /api/recruiter/assessments | 304 | 13ms
2026-10-03T12:29:14.579Z | GET | /api/recruiter/jobs | 304 | 13ms
2026-10-03T12:29:16.789Z | GET | /api/recruiter/jobs | 304 | 14ms
2026-10-03T12:29:16.792Z | GET | /api/analytics/recruiter | 304 | 9ms
2026-10-03T12:29:16.795Z | GET | /api/recruiter/assessments | 304 | 9ms
2026-10-03T12:29:20.702Z | GET | /api/analytics/recruiter | 304 | 23ms
2026-10-03T12:29:20.703Z | GET | /api/analytics/recruiter/applications | 304 | 10ms
2026-10-03T14:23:30.993Z | GET | /api/auth/me | 401 | 14ms
2026-10-03T15:48:44.456Z | GET | /api/auth/me | 401 | 2ms
2026-10-04T16:34:15.905Z | GET | /api/auth/me | 401 | 4ms
2026-10-04T16:37:46.643Z | POST | /api/auth/login | 200 | 357ms
2026-10-04T16:37:47.103Z | GET | /api/notifications | 304 | 22ms
2026-10-04T16:37:49.415Z | GET | /api/recruiter/jobs | 304 | 24ms
2026-10-04T16:37:49.423Z | GET | /api/recruiter/assessments | 304 | 27ms
2026-10-04T16:37:49.431Z | GET | /api/analytics/recruiter | 304 | 47ms
2026-10-04T16:37:53.847Z | GET | /api/users?page=1&limit=10 | 304 | 40ms
2026-10-04T16:37:58.824Z | GET | /api/jobs?page=1&limit=10 | 304 | 14ms
2026-10-04T16:38:03.597Z | GET | /api/analytics/platform | 304 | 19ms
2026-10-04T16:38:20.728Z | GET | /api/notifications | 304 | 11ms
2026-10-04T16:38:22.259Z | GET | /api/users?page=1&limit=10 | 304 | 11ms
2026-10-04T16:38:26.743Z | GET | /api/users?page=2&limit=10 | 200 | 16ms
2026-10-04T16:38:29.576Z | GET | /api/users?page=3&limit=10 | 200 | 9ms
2026-10-04T16:39:12.013Z | GET | /api/notifications | 304 | 11ms
2026-10-04T16:39:12.028Z | GET | /api/users?page=1&limit=10 | 304 | 19ms
2026-10-04T16:39:12.067Z | GET | /api/users?page=2&limit=10 | 304 | 14ms
2026-10-04T16:39:12.100Z | GET | /api/users?page=3&limit=10 | 304 | 7ms
2026-10-04T16:39:54.683Z | GET | /api/notifications | 304 | 15ms
2026-10-04T16:39:56.323Z | GET | /api/users?page=1&limit=10 | 304 | 14ms
2026-10-04T16:39:56.360Z | GET | /api/users?page=2&limit=10 | 304 | 11ms
2026-10-04T16:39:56.399Z | GET | /api/users?page=3&limit=10 | 304 | 10ms
2026-10-04T16:39:58.034Z | GET | /api/analytics/platform | 304 | 7ms
2026-10-04T16:40:03.395Z | GET | /api/jobs?page=1&limit=10 | 304 | 33ms
2026-10-04T16:40:24.120Z | GET | /api/jobs?page=1&limit=10 | 304 | 6ms
2026-10-04T16:51:45.779Z | GET | /api/auth/me | 304 | 277ms
2026-10-04T16:51:46.851Z | GET | /api/notifications | 304 | 55ms
2026-10-04T16:51:46.863Z | GET | /api/users?page=1&limit=10 | 304 | 58ms
2026-10-04T17:00:45.369Z | GET | /api/users?page=1&limit=10 | 401 | 92ms
2026-10-04T17:00:45.392Z | GET | /api/notifications | 401 | 8ms
2026-10-04T17:00:57.074Z | POST | /api/auth/login | 200 | 559ms
2026-10-04T17:00:57.604Z | GET | /api/notifications | 304 | 41ms
2026-10-04T17:01:00.109Z | GET | /api/users?page=1&limit=10 | 304 | 16ms
2026-10-04T17:01:19.801Z | GET | /api/users?page=1&limit=10 | 304 | 14ms
2026-10-04T17:01:21.405Z | GET | /api/analytics/platform | 304 | 54ms
2026-10-04T17:01:22.998Z | GET | /api/jobs?page=1&limit=10 | 304 | 25ms
2026-10-04T17:01:42.507Z | GET | /api/notifications | 304 | 9ms
2026-10-04T17:01:42.514Z | GET | /api/jobs?page=1&limit=10 | 304 | 11ms
2026-10-04T17:01:44.618Z | GET | /api/auth/me | 304 | 12ms
2026-10-04T17:01:45.197Z | GET | /api/notifications | 304 | 17ms
2026-10-04T17:01:45.209Z | GET | /api/users?page=1&limit=10 | 304 | 24ms
2026-10-04T17:02:03.516Z | GET | /api/users?page=1&limit=10 | 304 | 16ms
2026-10-04T17:24:26.744Z | GET | /api/auth/me | 401 | 11ms
2026-10-04T17:36:23.024Z | GET | /api/auth/me | 401 | 9ms
2026-10-04T18:06:06.233Z | GET | /api/auth/me | 401 | 4ms
2026-10-04T19:43:32.039Z | GET | /api/auth/me | 401 | 4ms
2026-10-05T05:21:59.891Z | GET | /api/auth/me | 401 | 10ms
2026-10-05T07:19:14.501Z | POST | /api/auth/login | 200 | 285ms
2026-10-05T07:19:14.924Z | GET | /api/notifications | 304 | 16ms
2026-10-05T07:19:17.075Z | GET | /api/analytics/recruiter | 200 | 29ms
2026-10-05T07:19:17.080Z | GET | /api/recruiter/jobs | 200 | 29ms
2026-10-05T07:19:17.087Z | GET | /api/recruiter/assessments | 200 | 45ms
2026-10-05T07:19:34.997Z | GET | /api/recruiter/jobs/11/applications | 200 | 11ms
2026-10-05T07:19:37.889Z | GET | /api/recruiter/jobs | 304 | 12ms
2026-10-05T07:19:37.890Z | GET | /api/analytics/recruiter | 304 | 8ms
2026-10-05T07:19:37.902Z | GET | /api/recruiter/assessments | 304 | 17ms
2026-10-05T07:19:40.421Z | GET | /api/recruiter/jobs | 304 | 6ms
2026-10-05T07:19:40.424Z | GET | /api/assessments/by-job/11 | 200 | 7ms
2026-10-05T07:19:42.188Z | GET | /api/recruiter/jobs | 304 | 10ms
2026-10-05T07:19:42.190Z | GET | /api/analytics/recruiter | 304 | 7ms
2026-10-05T07:19:42.192Z | GET | /api/recruiter/assessments | 304 | 7ms
2026-10-05T07:19:47.060Z | GET | /api/recruiter/jobs | 304 | 5ms
2026-10-05T07:19:47.065Z | GET | /api/assessments/by-job/11 | 304 | 9ms
2026-10-05T07:19:49.687Z | GET | /api/notifications | 304 | 9ms
2026-10-05T07:19:49.688Z | GET | /api/recruiter/jobs | 304 | 7ms
2026-10-05T07:19:49.691Z | GET | /api/analytics/recruiter | 304 | 8ms
2026-10-05T07:19:49.698Z | GET | /api/recruiter/assessments | 304 | 14ms
2026-10-05T07:19:55.729Z | GET | /api/analytics/recruiter | 304 | 4ms
2026-10-05T07:19:55.733Z | GET | /api/analytics/recruiter/applications | 200 | 10ms
2026-10-05T07:20:05.273Z | GET | /api/analytics/recruiter | 304 | 3ms
2026-10-05T07:20:05.274Z | GET | /api/analytics/recruiter/applications | 304 | 2ms
2026-10-05T07:20:57.207Z | GET | /api/notifications | 304 | 5ms
2026-10-05T07:20:57.208Z | GET | /api/analytics/recruiter | 304 | 4ms
2026-10-05T07:20:57.208Z | GET | /api/analytics/recruiter/applications | 304 | 3ms
2026-10-05T07:20:59.293Z | GET | /api/recruiter/jobs | 304 | 5ms
2026-10-05T07:20:59.294Z | GET | /api/analytics/recruiter | 304 | 5ms
2026-10-05T07:20:59.297Z | GET | /api/recruiter/assessments | 304 | 7ms
2026-10-05T07:23:13.681Z | GET | /api/notifications | 304 | 40ms
2026-10-05T07:23:13.700Z | GET | /api/analytics/recruiter | 200 | 41ms
2026-10-05T07:23:13.702Z | GET | /api/recruiter/jobs | 200 | 49ms
2026-10-05T07:23:13.705Z | GET | /api/recruiter/assessments | 200 | 43ms
2026-10-05T07:30:20.714Z | GET | /api/notifications | 304 | 6ms
2026-10-05T07:30:20.721Z | GET | /api/recruiter/jobs | 304 | 10ms
2026-10-05T07:30:20.725Z | GET | /api/recruiter/assessments | 304 | 7ms
2026-10-05T07:30:20.730Z | GET | /api/analytics/recruiter | 304 | 14ms
2026-10-05T07:30:25.418Z | GET | /api/recruiter/jobs | 304 | 11ms
2026-10-05T07:30:25.422Z | GET | /api/analytics/recruiter | 304 | 9ms
2026-10-05T07:30:25.426Z | GET | /api/recruiter/assessments | 304 | 11ms
2026-10-05T07:39:29.305Z | GET | /api/recruiter/jobs | 401 | 8ms
2026-10-05T07:39:29.308Z | GET | /api/analytics/recruiter | 401 | 2ms
2026-10-05T07:39:29.312Z | GET | /api/recruiter/assessments | 401 | 3ms
2026-10-05T07:39:29.316Z | GET | /api/notifications | 401 | 3ms
2026-10-05T07:39:39.954Z | POST | /api/auth/login | 200 | 269ms
2026-10-05T07:39:40.024Z | GET | /api/notifications | 304 | 5ms
2026-10-05T07:39:41.675Z | GET | /api/jobs?page=1&limit=10 | 304 | 13ms
2026-10-05T07:45:33.244Z | GET | /api/notifications | 304 | 25ms
2026-10-05T07:48:02.753Z | GET | /api/auth/me | 200 | 52ms
2026-10-05T07:48:03.820Z | GET | /api/notifications | 304 | 5ms
2026-10-05T08:59:12.404Z | GET | /api/sse/connect | 401 | 55ms
2026-10-05T08:59:12.415Z | GET | /api/notifications | 401 | 5ms
2026-10-05T09:10:14.993Z | POST | /api/auth/login | 200 | 519ms
2026-10-05T09:10:15.209Z | GET | /api/notifications | 304 | 33ms
2026-10-05T09:10:17.226Z | GET | /api/recruiter/jobs | 304 | 49ms
2026-10-05T09:10:17.292Z | GET | /api/recruiter/assessments | 304 | 92ms
2026-10-05T09:10:17.297Z | GET | /api/analytics/recruiter | 304 | 115ms
2026-10-05T09:10:20.375Z | GET | /api/analytics/platform | 200 | 22ms
2026-10-05T09:10:21.462Z | GET | /api/users?page=1&limit=10 | 304 | 14ms
2026-10-05T09:10:23.367Z | PATCH | /api/admin/users/26/status | 200 | 21ms
2026-10-05T09:10:23.393Z | GET | /api/users?page=1&limit=10 | 200 | 12ms
2026-10-05T09:10:23.947Z | PATCH | /api/admin/users/26/status | 200 | 9ms
2026-10-05T09:10:23.972Z | GET | /api/users?page=1&limit=10 | 200 | 9ms
2026-10-05T09:10:42.773Z | GET | /api/jobs?page=1&limit=10 | 304 | 18ms
2026-10-05T09:10:48.873Z | GET | /api/admin/assessments | 200 | 17ms
2026-10-05T09:10:50.743Z | GET | /api/admin/activity?page=1&limit=50&type=all | 200 | 20ms
2026-10-05T09:10:58.808Z | GET | /api/analytics/platform | 304 | 7ms
2026-10-05T09:11:05.936Z | GET | /api/users?page=1&limit=10 | 304 | 8ms
2026-10-05T09:11:09.929Z | GET | /api/notifications | 304 | 7ms
2026-10-05T09:11:09.934Z | GET | /api/users?page=1&limit=10 | 304 | 10ms
2026-10-05T09:11:17.027Z | GET | /api/users?page=1&limit=10 | 200 | 34ms
2026-10-05T09:11:18.567Z | GET | /api/jobs?page=1&limit=10 | 304 | 7ms
2026-10-05T09:11:19.508Z | GET | /api/jobs?page=1&limit=10 | 304 | 8ms
2026-10-05T09:11:27.233Z | GET | /api/jobs?page=1&limit=10 | 304 | 7ms
2026-10-05T09:20:25.052Z | GET | /api/jobs?page=1&limit=10 | 304 | 47ms
2026-10-05T09:22:36.995Z | GET | /api/notifications | 304 | 20ms
2026-10-05T09:22:37.004Z | GET | /api/admin/assessments | 200 | 14ms
2026-10-05T09:22:37.013Z | GET | /api/analytics/platform | 200 | 25ms
2026-10-05T09:26:20.117Z | GET | /api/notifications | 401 | 9ms
2026-10-05T09:26:20.122Z | GET | /api/analytics/platform | 401 | 2ms
2026-10-05T09:26:20.127Z | GET | /api/admin/assessments | 401 | 3ms
2026-10-05T09:26:27.828Z | POST | /api/auth/login | 200 | 254ms
2026-10-05T09:26:28.196Z | GET | /api/notifications | 304 | 5ms
2026-10-05T09:26:31.598Z | GET | /api/recruiter/jobs | 304 | 15ms
2026-10-05T09:26:31.604Z | GET | /api/analytics/recruiter | 304 | 23ms
2026-10-05T09:26:31.623Z | GET | /api/recruiter/assessments | 304 | 36ms
2026-10-05T09:26:33.886Z | GET | /api/analytics/platform | 304 | 7ms
2026-10-05T09:26:33.888Z | GET | /api/admin/assessments | 304 | 7ms
2026-10-05T09:26:36.478Z | GET | /api/users?page=1&limit=10 | 304 | 8ms
2026-10-05T09:26:37.681Z | GET | /api/analytics/platform | 304 | 5ms
2026-10-05T09:26:37.687Z | GET | /api/admin/assessments | 304 | 10ms
2026-10-05T09:26:52.523Z | GET | /api/users?page=1&limit=10 | 304 | 4ms
2026-10-05T09:27:01.019Z | GET | /api/users?page=2&limit=10 | 304 | 4ms
2026-10-05T09:27:03.108Z | GET | /api/users?page=3&limit=10 | 304 | 6ms
2026-10-05T09:27:07.820Z | PATCH | /api/admin/users/26/status | 200 | 19ms
2026-10-05T09:27:07.839Z | GET | /api/users?page=1&limit=10 | 200 | 6ms
2026-10-05T09:27:07.864Z | GET | /api/users?page=2&limit=10 | 304 | 6ms
2026-10-05T09:27:07.881Z | GET | /api/users?page=3&limit=10 | 304 | 6ms
2026-10-05T09:27:09.650Z | PATCH | /api/admin/users/26/status | 200 | 18ms
2026-10-05T09:27:09.665Z | GET | /api/users?page=1&limit=10 | 200 | 6ms
2026-10-05T09:27:09.695Z | GET | /api/users?page=2&limit=10 | 304 | 6ms
2026-10-05T09:27:09.713Z | GET | /api/users?page=3&limit=10 | 304 | 5ms
2026-10-05T09:27:11.620Z | PATCH | /api/admin/users/26/status | 200 | 7ms
2026-10-05T09:27:11.635Z | GET | /api/users?page=1&limit=10 | 200 | 5ms
2026-10-05T09:27:11.654Z | GET | /api/users?page=2&limit=10 | 304 | 7ms
2026-10-05T09:27:11.665Z | GET | /api/users?page=3&limit=10 | 304 | 4ms
2026-10-05T09:27:12.890Z | PATCH | /api/admin/users/24/status | 200 | 16ms
2026-10-05T09:27:12.905Z | GET | /api/users?page=1&limit=10 | 200 | 5ms
2026-10-05T09:27:12.925Z | GET | /api/users?page=2&limit=10 | 304 | 8ms
2026-10-05T09:27:12.940Z | GET | /api/users?page=3&limit=10 | 304 | 5ms
2026-10-05T09:27:14.238Z | PATCH | /api/admin/users/24/status | 200 | 11ms
2026-10-05T09:27:14.249Z | GET | /api/users?page=1&limit=10 | 200 | 3ms
2026-10-05T09:27:14.262Z | GET | /api/users?page=2&limit=10 | 304 | 5ms
2026-10-05T09:27:14.277Z | GET | /api/users?page=3&limit=10 | 304 | 5ms
2026-10-05T09:27:15.523Z | PATCH | /api/admin/users/26/status | 200 | 21ms
2026-10-05T09:27:15.538Z | GET | /api/users?page=1&limit=10 | 200 | 6ms
2026-10-05T09:27:15.554Z | GET | /api/users?page=2&limit=10 | 304 | 5ms
2026-10-05T09:27:15.570Z | GET | /api/users?page=3&limit=10 | 304 | 6ms
2026-10-05T09:27:17.661Z | PATCH | /api/admin/users/26/status | 200 | 6ms
2026-10-05T09:27:17.674Z | GET | /api/users?page=1&limit=10 | 200 | 5ms
2026-10-05T09:27:17.686Z | GET | /api/users?page=2&limit=10 | 304 | 3ms
2026-10-05T09:27:17.699Z | GET | /api/users?page=3&limit=10 | 304 | 4ms
2026-10-05T09:27:19.228Z | PATCH | /api/admin/users/26/status | 200 | 20ms
2026-10-05T09:27:19.244Z | GET | /api/users?page=1&limit=10 | 200 | 4ms
2026-10-05T09:27:19.266Z | GET | /api/users?page=2&limit=10 | 304 | 5ms
2026-10-05T09:27:19.279Z | GET | /api/users?page=3&limit=10 | 304 | 5ms
2026-10-05T09:27:35.218Z | GET | /api/notifications | 304 | 11ms
2026-10-05T09:27:35.221Z | GET | /api/analytics/platform | 304 | 9ms
2026-10-05T09:27:35.225Z | GET | /api/admin/assessments | 304 | 12ms
2026-10-05T09:27:36.148Z | GET | /api/jobs?page=1&limit=10 | 304 | 5ms
2026-10-05T09:27:41.196Z | GET | /api/auth/me | 304 | 5ms
2026-10-05T09:27:41.560Z | GET | /api/jobs/1 | 304 | 6ms
2026-10-05T09:27:41.562Z | GET | /api/assessments/by-job/1 | 304 | 6ms
2026-10-05T09:27:46.402Z | GET | /api/jobs?page=1&limit=10 | 304 | 3ms
2026-10-05T09:28:14.153Z | GET | /api/auth/me | 304 | 6ms
2026-10-05T09:28:14.487Z | GET | /api/jobs/1 | 304 | 4ms
2026-10-05T09:28:14.489Z | GET | /api/assessments/by-job/1 | 304 | 5ms
2026-10-05T09:28:15.745Z | GET | /api/jobs?page=1&limit=10 | 304 | 3ms
2026-10-05T09:28:19.363Z | GET | /api/jobs?page=1&limit=10 | 304 | 5ms
2026-10-05T09:28:21.429Z | GET | /api/notifications | 304 | 11ms
2026-10-05T09:28:21.437Z | GET | /api/admin/assessments | 304 | 11ms
2026-10-05T09:28:21.443Z | GET | /api/analytics/platform | 304 | 19ms
2026-10-05T09:28:22.491Z | GET | /api/admin/assessments | 304 | 4ms
2026-10-05T09:28:24.872Z | GET | /api/jobs?page=1&limit=10 | 304 | 4ms
2026-10-05T09:28:24.876Z | GET | /api/admin/assessments/4 | 200 | 11ms
2026-10-05T09:28:32.320Z | GET | /api/admin/assessments | 304 | 6ms
2026-10-05T09:28:34.473Z | GET | /api/jobs?page=1&limit=10 | 304 | 3ms
2026-10-05T09:28:34.475Z | GET | /api/admin/assessments/1 | 200 | 7ms
2026-10-05T09:28:51.631Z | GET | /api/admin/assessments | 304 | 6ms
2026-10-05T09:28:59.775Z | GET | /api/admin/assessments/1 | 304 | 9ms
2026-10-05T09:28:59.783Z | GET | /api/jobs?page=1&limit=10 | 304 | 16ms
2026-10-05T09:29:01.864Z | GET | /api/admin/assessments | 304 | 4ms
2026-10-05T09:29:04.134Z | GET | /api/notifications | 304 | 6ms
2026-10-05T09:29:04.144Z | GET | /api/analytics/platform | 304 | 6ms
2026-10-05T09:29:04.148Z | GET | /api/admin/assessments | 304 | 9ms
2026-10-05T09:29:04.932Z | GET | /api/admin/activity?page=1&limit=100&type=all | 200 | 8ms
2026-10-05T09:29:28.315Z | GET | /api/analytics/platform | 304 | 4ms
2026-10-05T09:29:28.333Z | GET | /api/admin/assessments | 304 | 9ms
2026-10-05T09:29:56.143Z | GET | /api/notifications | 304 | 5ms
2026-10-05T09:29:56.145Z | GET | /api/analytics/platform | 304 | 5ms
2026-10-05T09:29:56.148Z | GET | /api/admin/assessments | 304 | 7ms
2026-10-05T09:30:25.496Z | GET | /api/analytics/platform | 304 | 4ms
2026-10-05T09:30:25.498Z | GET | /api/admin/assessments | 304 | 4ms
2026-10-05T09:30:28.285Z | GET | /api/admin/assessments | 304 | 3ms
2026-10-05T09:30:30.041Z | GET | /api/admin/assessments/4 | 304 | 6ms
2026-10-05T09:30:30.047Z | GET | /api/jobs?page=1&limit=10 | 304 | 10ms
2026-10-05T09:30:32.754Z | GET | /api/admin/assessments | 304 | 7ms
2026-10-05T09:30:33.834Z | GET | /api/notifications | 304 | 6ms
2026-10-05T09:30:33.836Z | GET | /api/analytics/platform | 304 | 7ms
2026-10-05T09:30:33.838Z | GET | /api/admin/assessments | 304 | 8ms
2026-10-05T09:30:34.684Z | GET | /api/jobs?page=1&limit=10 | 304 | 2ms
2026-10-05T09:30:48.794Z | GET | /api/jobs?page=1&limit=10 | 304 | 2ms
2026-10-05T09:30:58.073Z | GET | /api/jobs?page=1&limit=10 | 304 | 6ms
2026-10-05T09:31:15.468Z | GET | /api/jobs?page=1&limit=10 | 304 | 1ms
2026-10-05T09:33:50.827Z | GET | /api/jobs?page=1&limit=10 | 304 | 18ms
2026-10-05T09:41:09.476Z | GET | /api/jobs?page=1&limit=10 | 200 | 140ms
2026-10-05T09:42:05.979Z | GET | /api/jobs?page=1&limit=10 | 304 | 11ms
2026-10-05T09:50:07.931Z | GET | /api/jobs?page=1&limit=10 | 304 | 56ms
2026-10-05T09:57:57.684Z | GET | /api/jobs?page=1&limit=10 | 304 | 33ms
2026-10-05T09:57:59.814Z | GET | /api/assessments/by-job/11 | 401 | 16ms
2026-10-05T09:57:59.824Z | GET | /api/jobs/11 | 200 | 40ms
2026-10-05T09:58:04.083Z | GET | /api/auth/me | 401 | 27ms
2026-10-05T09:58:39.755Z | POST | /api/auth/login | 200 | 316ms
2026-10-05T09:58:40.135Z | GET | /api/notifications | 304 | 5ms
2026-10-05T09:58:42.960Z | GET | /api/admin/assessments | 304 | 14ms
2026-10-05T09:58:42.968Z | GET | /api/analytics/platform | 200 | 17ms
2026-10-05T09:58:48.859Z | GET | /api/jobs?page=1&limit=10 | 304 | 4ms
2026-10-05T09:58:50.004Z | GET | /api/jobs/11 | 304 | 6ms
2026-10-05T09:58:50.005Z | GET | /api/assessments/by-job/11 | 304 | 5ms
2026-10-05T09:58:51.476Z | GET | /api/jobs?page=1&limit=10 | 304 | 6ms
2026-10-05T09:58:55.608Z | GET | /api/jobs?page=1&limit=10 | 304 | 2ms
2026-10-05T09:59:13.761Z | GET | /api/jobs?page=2&limit=10 | 200 | 6ms
2026-10-05T09:59:23.468Z | GET | /api/notifications | 304 | 4ms
2026-10-05T09:59:23.482Z | GET | /api/analytics/platform | 304 | 9ms
2026-10-05T09:59:23.485Z | GET | /api/admin/assessments | 304 | 8ms
2026-10-05T09:59:27.635Z | GET | /api/admin/activity?page=1&limit=100&type=all | 304 | 29ms
2026-10-05T09:59:29.991Z | GET | /api/analytics/platform | 304 | 4ms
2026-10-05T09:59:29.995Z | GET | /api/admin/assessments | 304 | 6ms
2026-10-05T09:59:32.017Z | GET | /api/admin/assessments | 304 | 4ms
2026-10-05T09:59:34.728Z | GET | /api/analytics/platform | 304 | 5ms
2026-10-05T09:59:34.740Z | GET | /api/admin/assessments | 304 | 7ms
2026-10-05T09:59:35.857Z | GET | /api/jobs?page=1&limit=10 | 304 | 6ms
2026-10-05T09:59:35.870Z | GET | /api/jobs?page=2&limit=10 | 304 | 3ms
2026-10-05T09:59:37.501Z | GET | /api/analytics/platform | 304 | 5ms
2026-10-05T09:59:37.504Z | GET | /api/admin/assessments | 304 | 6ms
2026-10-05T09:59:42.913Z | GET | /api/recruiter/jobs | 304 | 10ms
2026-10-05T09:59:42.917Z | GET | /api/recruiter/assessments | 304 | 8ms
2026-10-05T09:59:42.924Z | GET | /api/analytics/recruiter | 304 | 18ms
2026-10-05T09:59:46.697Z | GET | /api/analytics/recruiter | 304 | 3ms
2026-10-05T09:59:46.702Z | GET | /api/analytics/recruiter/applications | 200 | 12ms
2026-10-05T09:59:51.483Z | GET | /api/analytics/platform | 304 | 9ms
2026-10-05T09:59:51.486Z | GET | /api/admin/assessments | 304 | 7ms
2026-10-05T10:00:06.809Z | GET | /api/notifications | 304 | 3ms
